NivelConsistencia,DataHora,TipoMedicaoChuvas,Maxima,Total,DiaMaxima,NumDiasDeChuva,MaximaStatus,TotalStatus,NumDiasDeChuvaStatus,TotalAnual,TotalAnualStatus,Chuva01,Chuva02,Chuva03,Chuva04,Chuva05,Chuva06,Chuva07,Chuva08,Chuva09,Chuva10,Chuva11,Chuva12,Chuva13,Chuva14,Chuva15,Chuva16,Chuva17,Chuva18,Chuva19,Chuva20,Chuva21,Chuva22,Chuva23,Chuva24,Chuva25,Chuva26,Chuva27,Chuva28,Chuva29,Chuva30,Chuva31,Chuva01Status,Chuva02Status,Chuva03Status,Chuva04Status,Chuva05Status,Chuva06Status,Chuva07Status,Chuva08Status,Chuva09Status,Chuva10Status,Chuva11Status,Chuva12Status,Chuva13Status,Chuva14Status,Chuva15Status,Chuva16Status,Chuva17Status,Chuva18Status,Chuva19Status,Chuva20Status,Chuva21Status,Chuva22Status,Chuva23Status,Chuva24Status,Chuva25Status,Chuva26Status,Chuva27Status,Chuva28Status,Chuva29Status,Chuva30Status,Chuva31Status
1,2002-03-01,1,32.5,237.5,30,15,1,1,0,,0,0,0,9.5,32,31,0,22.5,0,0,12.5,14,6,0,0,0,0,15,9,0,16,0,17.5,0,0,9,7.5,3.5,0,0,32.5,0,1,1,1,1,1,1,1,1,1,1,1,1,1,1,1,1,1,1,1,1,1,1,1,1,1,1,1,1,1,1,1
1,2002-02-01,1,77.5,210.5,6,6,1,1,0,,0,0,0,0,32,0,77.5,0,0,72.5,17.5,5,0,0,0,0,0,0,0,0,0,0,6,0,0,0,0,0,0,,,,1,1,1,1,1,1,1,1,1,1,1,1,1,1,1,1,1,1,1,1,1,1,1,1,1,1,1,1,0,0,0
1,2002-01-01,1,62.5,294.5,15,18,1,1,0,,0,0,0,0,0,6,13,14,27.5,26,2,7.5,40,6,23,62.5,29,8,0,0,0,3,10,0,4,8,0,5,0,0,0,0,1,1,1,1,1,1,1,1,1,1,1,1,1,1,1,1,1,1,1,1,1,1,1,1,1,1,1,1,1,1,1
1,2001-12-01,1,70,231,4,8,1,1,0,,0,0,11,26,70,0,0,0,0,0,0,0,0,0,0,0,0,0,0,0,0,0,10,0,0,0,0,40,10,50,14,0,1,1,1,1,1,1,1,1,1,1,1,1,1,1,1,1,1,1,1,1,1,1,1,1,1,1,1,1,1,1,1
1,2001-11-01,1,130,143.5,28,4,1,1,0,,0,0,0,0,0,0,0,0,0,0,0,0,0,0,0,0,0,0,0,0,0,0,0,0,0,4,2,0,130,7.5,0,,1,1,1,1,1,1,1,1,1,1,1,1,1,1,1,1,1,1,1,1,1,1,1,1,1,1,1,1,1,1,0
1,2001-06-01,1,20.5,41,30,3,1,1,0,,0,0,0,0,0,0,0,0,0,0,0,0,0,0,0,0,0,0,0,0,0,0,0,0,0,0,0,8,12.5,0,20.5,,1,1,1,1,1,1,1,1,1,1,1,1,1,1,1,1,1,1,1,1,1,1,1,1,1,1,1,1,1,1,0
1,2001-05-01,1,49,70,31,4,1,1,0,,0,0,0,0,0,0,0,0,0,0,4,0,0,0,0,0,0,0,0,0,13,0,0,0,0,0,0,0,0,4,0,49,1,1,1,1,1,1,1,1,1,1,1,1,1,1,1,1,1,1,1,1,1,1,1,1,1,1,1,1,1,1,1
1,2001-04-01,1,82.5,220,27,12,1,1,0,,0,13,45,2,0,0,0,0,0,0,0,0,2,0,41,0,2.5,13,6.5,2.5,0,0,0,0,0,0,0,82.5,7.5,0,2.5,,1,1,1,1,1,1,1,1,1,1,1,1,1,1,1,1,1,1,1,1,1,1,1,1,1,1,1,1,1,1,0
1,2001-03-01,1,80,269,11,15,1,1,0,,0,25,12,0,0,0,0,0,0,0,3,80,20,24,18,2.5,0,0,0,5,7.5,8,6,0,10,0,12,0,0,36,0,0,1,1,1,1,1,1,1,1,1,1,1,1,1,1,1,1,1,1,1,1,1,1,1,1,1,1,1,1,1,1,1
1,2001-02-01,1,108,267.5,28,11,1,1,0,,0,0,15,0,0,0,0,0,0,0,0,0,35,27.5,14,0,0,0,15,0,5,13,0,15,10,0,10,0,108,,,,1,1,1,1,1,1,1,1,1,1,1,1,1,1,1,1,1,1,1,1,1,1,1,1,1,1,1,1,0,0,0
1,2001-01-01,1,,,,,0,0,0,,0,15,10,0,5,0,0,3,3,6,,,,,,,,,,,,,,,,,,,,,,,1,1,1,1,1,1,1,1,1,0,0,0,0,0,0,0,0,0,0,0,0,0,0,0,0,0,0,0,0,0,0
1,2000-12-01,1,,,,,0,0,0,,0,0,0,0,0,0,0,0,0,33,0,0,23,105,5,0,0,25,18,,,,,,,,,,,,,,1,1,1,1,1,1,1,1,1,1,1,1,1,1,1,1,1,1,0,0,0,0,0,0,0,0,0,0,0,0,0
1,2000-11-01,1,67.5,67.5,9,1,1,1,0,,0,0,0,0,0,0,0,0,0,67.5,0,0,0,0,0,0,0,0,0,0,0,0,0,0,0,0,0,0,0,0,0,,1,1,1,1,1,1,1,1,1,1,1,1,1,1,1,1,1,1,1,1,1,1,1,1,1,1,1,1,1,1,0
1,2000-09-01,1,67,87,7,3,1,1,0,,0,0,0,0,0,0,0,67,0,0,0,0,0,15,5,0,0,0,0,0,0,0,0,0,0,0,0,0,0,0,0,,1,1,1,1,1,1,1,1,1,1,1,1,1,1,1,1,1,1,1,1,1,1,1,1,1,1,1,1,1,1,0
1,2000-08-01,1,0,0,1,,1,1,0,,0,0,0,0,0,0,0,0,0,0,0,0,0,0,0,0,0,0,0,0,0,0,0,0,0,0,0,0,0,0,0,0,1,1,1,1,1,1,1,1,1,1,1,1,1,1,1,1,1,1,1,1,1,1,1,1,1,1,1,1,1,1,1
1,2000-07-01,1,0,0,1,,1,1,0,,0,0,0,0,0,0,0,0,0,0,0,0,0,0,0,0,0,0,0,0,0,0,0,0,0,0,0,0,0,0,0,0,1,1,1,1,1,1,1,1,1,1,1,1,1,1,1,1,1,1,1,1,1,1,1,1,1,1,1,1,1,1,1
1,2000-06-01,1,0,0,1,,1,1,0,,0,0,0,0,0,0,0,0,0,0,0,0,0,0,0,0,0,0,0,0,0,0,0,0,0,0,0,0,0,0,0,,1,1,1,1,1,1,1,1,1,1,1,1,1,1,1,1,1,1,1,1,1,1,1,1,1,1,1,1,1,1,0
1,2000-05-01,1,30,90,2,7,1,1,0,,0,15,30,0,0,0,0,0,15,0,7.5,0,0,0,0,0,0,7.5,3,0,0,12,0,0,0,0,0,0,0,0,0,0,1,1,1,1,1,1,1,1,1,1,1,1,1,1,1,1,1,1,1,1,1,1,1,1,1,1,1,1,1,1,1
1,2000-04-01,1,43.5,168.5,1,10,1,1,0,,0,43.5,0,0,0,0,0,0,0,21,10,0,11,28,28,0,6,0,1,0,0,0,0,2.5,0,0,17.5,0,0,0,0,,1,1,1,1,1,1,1,1,1,1,1,1,1,1,1,1,1,1,1,1,1,1,1,1,1,1,1,1,1,1,0
1,2000-03-01,1,98,419.5,14,13,1,1,0,,0,0,10,0,0,0,0,0,0,15,5,0,18,37.5,98,0,0,0,0,92.5,0,0,0,45,0,26,16,0,19,0,25,12.5,1,1,1,1,1,1,1,1,1,1,1,1,1,1,1,1,1,1,1,1,1,1,1,1,1,1,1,1,1,1,1
1,2000-02-01,1,130,558,4,13,1,1,0,,0,0,0,0,130,80,72,0,0,0,8,0,0,0,13,0,0,90,50,33,8,0,10,20,0,0,0,4,40,0,,,1,1,1,1,1,1,1,1,1,1,1,1,1,1,1,1,1,1,1,1,1,1,1,1,1,1,1,1,1,0,0
1,2000-01-01,1,49,159,4,7,1,1,0,,0,0,8,0,49,0,0,0,16,0,43,0,0,0,0,0,0,0,0,0,0,0,18,10,15,0,0,0,0,0,0,0,1,1,1,1,1,1,1,1,1,1,1,1,1,1,1,1,1,1,1,1,1,1,1,1,1,1,1,1,1,1,1
1,1999-12-01,1,30,80,5,3,1,1,0,,0,0,0,25,0,30,0,0,0,0,0,0,0,0,0,25,0,0,0,0,0,0,0,0,0,0,0,0,0,0,0,0,1,1,1,1,1,1,1,1,1,1,1,1,1,1,1,1,1,1,1,1,1,1,1,1,1,1,1,1,1,1,1
1,1999-11-01,1,30,51,26,3,1,1,0,,0,0,0,0,0,0,0,0,0,0,0,0,0,0,0,0,18,0,0,0,0,0,0,3,0,0,30,0,0,0,0,,1,1,1,1,1,1,1,1,1,1,1,1,1,1,1,1,1,1,1,1,1,1,1,1,1,1,1,1,1,1,0
1,1999-10-01,1,0,0,1,,1,1,0,,0,0,0,0,0,0,0,0,0,0,0,0,0,0,0,0,0,0,0,0,0,0,0,0,0,0,0,0,0,0,0,0,1,1,1,1,1,1,1,1,1,1,1,1,1,1,1,1,1,1,1,1,1,1,1,1,1,1,1,1,1,1,1
1,1999-09-01,1,0,0,1,,1,1,0,,0,0,0,0,0,0,0,0,0,0,0,0,0,0,0,0,0,0,0,0,0,0,0,0,0,0,0,0,0,0,0,,1,1,1,1,1,1,1,1,1,1,1,1,1,1,1,1,1,1,1,1,1,1,1,1,1,1,1,1,1,1,0
1,1999-08-01,1,0,0,1,,1,1,0,,0,0,0,0,0,0,0,0,0,0,0,0,0,0,0,0,0,0,0,0,0,0,0,0,0,0,0,0,0,0,0,0,1,1,1,1,1,1,1,1,1,1,1,1,1,1,1,1,1,1,1,1,1,1,1,1,1,1,1,1,1,1,1
1,1999-07-01,1,0,0,1,,1,1,0,,0,0,0,0,0,0,0,0,0,0,0,0,0,0,0,0,0,0,0,0,0,0,0,0,0,0,0,0,0,0,0,0,1,1,1,1,1,1,1,1,1,1,1,1,1,1,1,1,1,1,1,1,1,1,1,1,1,1,1,1,1,1,1
1,1999-06-01,1,0,0,1,,1,1,0,,0,0,0,0,0,0,0,0,0,0,0,0,0,0,0,0,0,0,0,0,0,0,0,0,0,0,0,0,0,0,0,,1,1,1,1,1,1,1,1,1,1,1,1,1,1,1,1,1,1,1,1,1,1,1,1,1,1,1,1,1,1,0
1,1999-04-01,1,30,155,12,11,1,1,0,,0,0,11,20,3,25,7,0,0,0,0,0,30,15,7.5,0,0,0,4,0,0,5,0,0,0,0,27.5,0,0,0,0,,1,1,1,1,1,1,1,1,1,1,1,1,1,1,1,1,1,1,1,1,1,1,1,1,1,1,1,1,1,1,0
1,1999-03-01,1,52.5,251,19,15,1,1,0,,0,22,0,14,0,17.5,8,0,9,12,0,0,28,0,0,0,34,0,0,52.5,3,0,10,10,6,0,10,15,0,0,0,0,1,1,1,1,1,1,1,1,1,1,1,1,1,1,1,1,1,1,1,1,1,1,1,1,1,1,1,1,1,1,1
1,1999-02-01,1,50,262,22,11,1,1,0,,0,0,25,0,0,0,0,6,0,0,0,0,0,0,20,40,0,0,35,0,0,0,50,12,10,4,50,0,10,,,,1,1,1,1,1,1,1,1,1,1,1,1,1,1,1,1,1,1,1,1,1,1,1,1,1,1,1,1,0,0,0
1,1999-01-01,1,30,133,11,10,1,1,0,,0,0,0,0,0,0,0,3,0,0,15,30,0,0,0,0,28,0,0,8,5,0,0,0,10,0,0,0,12.5,17.5,0,4,1,1,1,1,1,1,1,1,1,1,1,1,1,1,1,1,1,1,1,1,1,1,1,1,1,1,1,1,1,1,1
1,1998-12-01,1,35,51,9,2,1,1,0,772.5,1,0,0,0,0,0,0,0,0,35,0,0,0,0,0,0,0,0,0,0,0,0,0,0,0,0,0,0,0,16,0,0,1,1,1,1,1,1,1,1,1,1,1,1,1,1,1,1,1,1,1,1,1,1,1,1,1,1,1,1,1,1,1
1,1998-11-01,1,30,84.5,27,5,1,1,0,772.5,1,0,0,0,0,0,0,0,0,0,0,0,0,0,0,0,0,0,18,0,0,0,0,22,12.5,0,2,30,0,0,0,,1,1,1,1,1,1,1,1,1,1,1,1,1,1,1,1,1,1,1,1,1,1,1,1,1,1,1,1,1,1,0
1,1998-10-01,1,0,0,1,,1,1,0,772.5,1,0,0,0,0,0,0,0,0,0,0,0,0,0,0,0,0,0,0,0,0,0,0,0,0,0,0,0,0,0,0,0,1,1,1,1,1,1,1,1,1,1,1,1,1,1,1,1,1,1,1,1,1,1,1,1,1,1,1,1,1,1,1
1,1998-09-01,1,0,0,1,,1,1,0,772.5,1,0,0,0,0,0,0,0,0,0,0,0,0,0,0,0,0,0,0,0,0,0,0,0,0,0,0,0,0,0,0,,1,1,1,1,1,1,1,1,1,1,1,1,1,1,1,1,1,1,1,1,1,1,1,1,1,1,1,1,1,1,0
1,1998-08-01,1,0,0,1,,1,1,0,772.5,1,0,0,0,0,0,0,0,0,0,0,0,0,0,0,0,0,0,0,0,0,0,0,0,0,0,0,0,0,0,0,0,1,1,1,1,1,1,1,1,1,1,1,1,1,1,1,1,1,1,1,1,1,1,1,1,1,1,1,1,1,1,1
1,1998-07-01,1,0,0,1,,1,1,0,772.5,1,0,0,0,0,0,0,0,0,0,0,0,0,0,0,0,0,0,0,0,0,0,0,0,0,0,0,0,0,0,0,0,1,1,1,1,1,1,1,1,1,1,1,1,1,1,1,1,1,1,1,1,1,1,1,1,1,1,1,1,1,1,1
1,1998-06-01,1,0,0,1,,1,1,0,772.5,1,0,0,0,0,0,0,0,0,0,0,0,0,0,0,0,0,0,0,0,0,0,0,0,0,0,0,0,0,0,0,,1,1,1,1,1,1,1,1,1,1,1,1,1,1,1,1,1,1,1,1,1,1,1,1,1,1,1,1,1,1,0
1,1998-05-01,1,4,4,3,1,1,1,0,772.5,1,0,0,4,0,0,0,0,0,0,0,0,0,0,0,0,0,0,0,0,0,0,0,0,0,0,0,0,0,0,0,0,1,1,1,1,1,1,1,1,1,1,1,1,1,1,1,1,1,1,1,1,1,1,1,1,1,1,1,1,1,1,1
1,1998-04-01,1,0,0,1,,1,1,0,772.5,1,0,0,0,0,0,0,0,0,0,0,0,0,0,0,0,0,0,0,0,0,0,0,0,0,0,0,0,0,0,0,,1,1,1,1,1,1,1,1,1,1,1,1,1,1,1,1,1,1,1,1,1,1,1,1,1,1,1,1,1,1,0
1,1998-03-01,1,50,114,19,4,1,1,0,772.5,1,0,0,0,0,0,14,0,0,20,0,0,0,0,0,0,0,30,0,50,0,0,0,0,0,0,0,0,0,0,0,0,1,1,1,1,1,1,1,1,1,1,1,1,1,1,1,1,1,1,1,1,1,1,1,1,1,1,1,1,1,1,1
1,1998-02-01,1,98,248.5,17,8,1,1,0,772.5,1,40,13,0,0,0,0,0,0,0,0,0,0,17,0,0,0,98,7.5,4,0,0,0,0,37,0,0,32,0,,,,1,1,1,1,1,1,1,1,1,1,1,1,1,1,1,1,1,1,1,1,1,1,1,1,1,1,1,1,0,0,0
1,1998-01-01,1,70,270.5,19,15,1,1,0,772.5,1,0,41,0,1,0,0,20,10,0,8,0,0,0,5,0,0,0,3,70,20,0,0,0,0,8,15,10,20,32,7.5,0,1,1,1,1,1,1,1,1,1,1,1,1,1,1,1,1,1,1,1,1,1,1,1,1,1,1,1,1,1,1,1
1,1997-12-01,1,68,131,17,6,1,1,0,1195,1,0,0,0,0,0,0,0,0,0,7,0,0,0,22,0,0,68,0,0,18,12,0,0,0,0,0,0,0,0,4,0,1,1,1,1,1,1,1,1,1,1,1,1,1,1,1,1,1,1,1,1,1,1,1,1,1,1,1,1,1,1,1
1,1997-11-01,1,25.5,25.5,25,1,1,1,0,1195,1,0,0,0,0,0,0,0,0,0,0,0,0,0,0,0,0,0,0,0,0,0,0,0,0,25.5,0,0,0,0,0,,1,1,1,1,1,1,1,1,1,1,1,1,1,1,1,1,1,1,1,1,1,1,1,1,1,1,1,1,1,1,0
1,1997-10-01,1,18,37.5,19,4,1,1,0,1195,1,0,0,0,0,0,0,0,0,2.5,0,0,0,0,0,0,0,0,0,18,10,0,0,0,0,0,0,0,0,7,0,0,1,1,1,1,1,1,1,1,1,1,1,1,1,1,1,1,1,1,1,1,1,1,1,1,1,1,1,1,1,1,1
1,1997-09-01,1,0,0,1,,1,1,0,1195,1,0,0,0,0,0,0,0,0,0,0,0,0,0,0,0,0,0,0,0,0,0,0,0,0,0,0,0,0,0,0,,1,1,1,1,1,1,1,1,1,1,1,1,1,1,1,1,1,1,1,1,1,1,1,1,1,1,1,1,1,1,0
1,1997-08-01,1,0,0,1,,1,1,0,1195,1,0,0,0,0,0,0,0,0,0,0,0,0,0,0,0,0,0,0,0,0,0,0,0,0,0,0,0,0,0,0,0,1,1,1,1,1,1,1,1,1,1,1,1,1,1,1,1,1,1,1,1,1,1,1,1,1,1,1,1,1,1,1
1,1997-07-01,1,0,0,1,,1,1,0,1195,1,0,0,0,0,0,0,0,0,0,0,0,0,0,0,0,0,0,0,0,0,0,0,0,0,0,0,0,0,0,0,0,1,1,1,1,1,1,1,1,1,1,1,1,1,1,1,1,1,1,1,1,1,1,1,1,1,1,1,1,1,1,1
1,1997-06-01,1,0,0,1,,1,1,0,1195,1,0,0,0,0,0,0,0,0,0,0,0,0,0,0,0,0,0,0,0,0,0,0,0,0,0,0,0,0,0,0,,1,1,1,1,1,1,1,1,1,1,1,1,1,1,1,1,1,1,1,1,1,1,1,1,1,1,1,1,1,1,0
1,1997-05-01,1,60,157,3,7,1,1,0,1195,1,30,19,60,7,0,4,0,0,5,0,0,0,0,0,0,0,0,0,0,0,0,0,32,0,0,0,0,0,0,0,0,1,1,1,1,1,1,1,1,1,1,1,1,1,1,1,1,1,1,1,1,1,1,1,1,1,1,1,1,1,1,1
1,1997-04-01,1,80,220,13,8,1,1,0,1195,1,5,50,0,50,0,0,4,6,0,0,0,10,80,0,15,0,0,0,0,0,0,0,0,0,0,0,0,0,0,0,,1,1,1,1,1,1,1,1,1,1,1,1,1,1,1,1,1,1,1,1,1,1,1,1,1,1,1,1,1,1,0
1,1997-03-01,1,70,530.5,21,20,1,1,0,1195,1,5,0,10,30,0,15,0,5,0,8,0,0,38,0,0,32,39,22,55,0,70,6,7,60,3,55,30,0,38,0,2.5,1,1,1,1,1,1,1,1,1,1,1,1,1,1,1,1,1,1,1,1,1,1,1,1,1,1,1,1,1,1,1
1,1997-02-01,1,4,14.5,14,5,1,1,0,1195,1,0,2.5,0,0,0,0,0,3,0,0,2,0,0,4,0,0,0,0,0,3,0,0,0,0,0,0,0,0,,,,1,1,1,1,1,1,1,1,1,1,1,1,1,1,1,1,1,1,1,1,1,1,1,1,1,1,1,1,0,0,0
1,1997-01-01,1,29,79,2,7,1,1,0,1195,1,20,29,0,0,5,0,0,0,10,0,0,2.5,7.5,0,0,0,5,0,0,0,0,0,0,0,0,0,0,0,0,0,0,1,1,1,1,1,1,1,1,1,1,1,1,1,1,1,1,1,1,1,1,1,1,1,1,1,1,1,1,1,1,1
1,1996-12-01,1,25,60,31,5,1,1,0,1374.9,1,0,0,0,0,0,0,0,0,0,0,0,0,0,0,0,0,0,0,0,0,20,2,0,0,0,8,0,0,0,5,25,1,1,1,1,1,1,1,1,1,1,1,1,1,1,1,1,1,1,1,1,1,1,1,1,1,1,1,1,1,1,1
1,1996-11-01,1,25,78.4,18,8,1,1,0,1374.9,1,0,0,0,0,0,0,3,0,0,0,0,5,0,0,0,5,9.4,25,0,18,0,0,0,5,0,0,0,8,0,0,,1,1,1,1,1,1,1,1,1,1,1,1,1,1,1,1,1,1,1,1,1,1,1,1,1,1,1,1,1,1,0
1,1996-10-01,1,28,37,3,4,1,1,0,1374.9,1,0,0,28,0,0,3,1,0,0,0,0,0,0,0,0,5,0,0,0,0,0,0,0,0,0,0,0,0,0,0,0,1,1,1,1,1,1,1,1,1,1,1,1,1,1,1,1,1,1,1,1,1,1,1,1,1,1,1,1,1,1,1
1,1996-09-01,1,0,0,1,,1,1,0,1374.9,1,0,0,0,0,0,0,0,0,0,0,0,0,0,0,0,0,0,0,0,0,0,0,0,0,0,0,0,0,0,0,,1,1,1,1,1,1,1,1,1,1,1,1,1,1,1,1,1,1,1,1,1,1,1,1,1,1,1,1,1,1,0
1,1996-08-01,1,0,0,1,,1,1,0,1374.9,1,0,0,0,0,0,0,0,0,0,0,0,0,0,0,0,0,0,0,0,0,0,0,0,0,0,0,0,0,0,0,0,1,1,1,1,1,1,1,1,1,1,1,1,1,1,1,1,1,1,1,1,1,1,1,1,1,1,1,1,1,1,1
1,1996-07-01,1,12,12,22,1,1,1,0,1374.9,1,0,0,0,0,0,0,0,0,0,0,0,0,0,0,0,0,0,0,0,0,0,12,0,0,0,0,0,0,0,0,0,1,1,1,1,1,1,1,1,1,1,1,1,1,1,1,1,1,1,1,1,1,1,1,1,1,1,1,1,1,1,1
1,1996-06-01,1,0,0,1,,1,1,0,1374.9,1,0,0,0,0,0,0,0,0,0,0,0,0,0,0,0,0,0,0,0,0,0,0,0,0,0,0,0,0,0,0,,1,1,1,1,1,1,1,1,1,1,1,1,1,1,1,1,1,1,1,1,1,1,1,1,1,1,1,1,1,1,0
1,1996-05-01,1,65,112,3,5,1,1,0,1374.9,1,3,5,65,35,4,0,0,0,0,0,0,0,0,0,0,0,0,0,0,0,0,0,0,0,0,0,0,0,0,0,0,1,1,1,1,1,1,1,1,1,1,1,1,1,1,1,1,1,1,1,1,1,1,1,1,1,1,1,1,1,1,1
1,1996-04-01,1,62,294.5,17,16,1,1,0,1374.9,1,0,0,7,0,20,47,0,0,3,10,0,0,27,36,23,5,62,0,0,17,10,2,1,0,0,22.5,2,0,0,0,,1,1,1,1,1,1,1,1,1,1,1,1,1,1,1,1,1,1,1,1,1,1,1,1,1,1,1,1,1,1,0
1,1996-03-01,1,60,400,15,21,1,1,0,1374.9,1,7,2.5,0,0,25,14,2.5,0,3,0,6,22,0,20,60,22,55,40,0,12,0,10,40,0,7,8,37,0,0,1,6,1,1,1,1,1,1,1,1,1,1,1,1,1,1,1,1,1,1,1,1,1,1,1,1,1,1,1,1,1,1,1
1,1996-02-01,1,85.5,189,14,10,1,1,0,1374.9,1,0,0,30,0,0,3,0,0,0,5,0,0,2.5,85.5,0,13,3,0,0,0,0,32,0,0,8,0,0,0,7,,,1,1,1,1,1,1,1,1,1,1,1,1,1,1,1,1,1,1,1,1,1,1,1,1,1,1,1,1,1,0,0
1,1996-01-01,1,50,192,20,12,1,1,0,1374.9,1,0,17,13,0,10,28,5,0,4,0,0,3,40,5,0,5,12,0,0,50,0,0,0,0,0,0,0,0,0,0,0,1,1,1,1,1,1,1,1,1,1,1,1,1,1,1,1,1,1,1,1,1,1,1,1,1,1,1,1,1,1,1
1,1995-12-01,1,45,98,30,4,1,1,0,,0,0,0,0,0,0,0,0,0,0,0,0,0,0,0,0,0,0,0,0,0,0,0,0,4,0,0,0,20,29,45,0,1,1,1,1,1,1,1,1,1,1,1,1,1,1,1,1,1,1,1,1,1,1,1,1,1,1,1,1,1,1,1
1,1995-11-01,1,110,239,21,5,1,1,0,,0,29,0,0,0,0,0,0,0,0,0,0,0,0,0,0,10,0,0,0,0,110,0,15,75,0,0,0,0,0,0,,1,1,1,1,1,1,1,1,1,1,1,1,1,1,1,1,1,1,1,1,1,1,1,1,1,1,1,1,1,1,0
1,1995-10-01,1,15,25.5,22,3,1,1,0,,0,0,0,0,0,0,0,0,0,0,0,0,0,0,0,0,0,0,0,0,0,0,15,3,0,0,0,0,0,0,0,7.5,1,1,1,1,1,1,1,1,1,1,1,1,1,1,1,1,1,1,1,1,1,1,1,1,1,1,1,1,1,1,1
1,1995-09-01,1,0,0,1,,1,1,0,,0,0,0,0,0,0,0,0,0,0,0,0,0,0,0,0,0,0,0,0,0,0,0,0,0,0,0,0,0,0,0,,1,1,1,1,1,1,1,1,1,1,1,1,1,1,1,1,1,1,1,1,1,1,1,1,1,1,1,1,1,1,0
1,1995-08-01,1,0,0,1,,1,1,0,,0,0,0,0,0,0,0,0,0,0,0,0,0,0,0,0,0,0,0,0,0,0,0,0,0,0,0,0,0,0,0,0,1,1,1,1,1,1,1,1,1,1,1,1,1,1,1,1,1,1,1,1,1,1,1,1,1,1,1,1,1,1,1
1,1995-07-01,1,0,0,1,,1,1,0,,0,0,0,0,0,0,0,0,0,0,0,0,0,0,0,0,0,0,0,0,0,0,0,0,0,0,0,0,0,0,0,0,1,1,1,1,1,1,1,1,1,1,1,1,1,1,1,1,1,1,1,1,1,1,1,1,1,1,1,1,1,1,1
1,1995-06-01,1,0,0,1,,1,1,0,,0,0,0,0,0,0,0,0,0,0,0,0,0,0,0,0,0,0,0,0,0,0,0,0,0,0,0,0,0,0,0,,1,1,1,1,1,1,1,1,1,1,1,1,1,1,1,1,1,1,1,1,1,1,1,1,1,1,1,1,1,1,0
1,1995-05-01,1,39,205,21,13,1,1,0,,0,30,0,2.5,0,0,2,0,12,0,13,0,0,0,0,10,0,0,0,0,0,39,0,20,20,0,12.5,18,8.5,0,17.5,0,1,1,1,1,1,1,1,1,1,1,1,1,1,1,1,1,1,1,1,1,1,1,1,1,1,1,1,1,1,1,1
1,1995-04-01,1,127.5,530,15,17,1,1,0,,0,20,2,0,0,18,10,0,40,90,27.5,0,5,0,72.5,127.5,73,0,7,2.5,0,2.5,2,0,8,0,0,0,0,0,22.5,,1,1,1,1,1,1,1,1,1,1,1,1,1,1,1,1,1,1,1,1,1,1,1,1,1,1,1,1,1,1,0
1,1995-03-01,1,62,203.5,24,12,1,1,0,,0,6,25,0,0,0,0,0,25,0,20,0,0,7.5,0,14,0,0,0,0,0,8,9,0,62,6,0,0,6,0,0,15,1,1,1,1,1,1,1,1,1,1,1,1,1,1,1,1,1,1,1,1,1,1,1,1,1,1,1,1,1,1,1
1,1995-02-01,1,76,303.5,26,18,1,1,0,,0,0,20,0,2,22,0,12.5,26,4,15,13,2,0,0,3,32,3,10,16,0,0,13,0,17,17,76,0,0,,,,1,1,1,1,1,1,1,1,1,1,1,1,1,1,1,1,1,1,1,1,1,1,1,1,1,1,1,1,0,0,0
1,1995-01-01,1,40,145.5,13,5,1,1,0,,0,0,0,0,0,30,0,0,0,0,0,25,0,40,0,0,0,0,0,0,0,15.5,0,0,0,0,0,0,35,0,0,0,1,1,1,1,1,1,1,1,1,1,1,1,1,1,1,1,1,1,1,1,1,1,1,1,1,1,1,1,1,1,1
1,1994-12-01,1,25,82,29,7,1,1,0,1496,1,0,0,0,0,0,0,0,0,0,0,0,0,0,2.5,0,0,0,0,0,12.5,0,0,0,0,6,8.5,15,12.5,25,0,0,1,1,1,1,1,1,1,1,1,1,1,1,1,1,1,1,1,1,1,1,1,1,1,1,1,1,1,1,1,1,1
1,1994-11-01,1,15,45,23,6,1,1,0,1496,1,0,0,0,0,0,0,0,6,0,0,0,4,0,0,0,0,0,0,2,0,0,0,15,0,0,0,0,6,12,0,,1,1,1,1,1,1,1,1,1,1,1,1,1,1,1,1,1,1,1,1,1,1,1,1,1,1,1,1,1,1,0
1,1994-10-01,1,10,28,16,3,1,1,0,1496,1,0,0,0,0,0,0,0,0,0,0,0,0,0,0,0,10,10,0,0,0,0,0,0,0,0,0,0,0,8,0,0,1,1,1,1,1,1,1,1,1,1,1,1,1,1,1,1,1,1,1,1,1,1,1,1,1,1,1,1,1,1,1
1,1994-09-01,1,22,22,27,1,1,1,0,1496,1,0,0,0,0,0,0,0,0,0,0,0,0,0,0,0,0,0,0,0,0,0,0,0,0,0,0,22,0,0,0,,1,1,1,1,1,1,1,1,1,1,1,1,1,1,1,1,1,1,1,1,1,1,1,1,1,1,1,1,1,1,0
1,1994-08-01,1,0,0,1,,1,1,0,1496,1,0,0,0,0,0,0,0,0,0,0,0,0,0,0,0,0,0,0,0,0,0,0,0,0,0,0,0,0,0,0,0,1,1,1,1,1,1,1,1,1,1,1,1,1,1,1,1,1,1,1,1,1,1,1,1,1,1,1,1,1,1,1
1,1994-07-01,1,0,0,1,,1,1,0,1496,1,0,0,0,0,0,0,0,0,0,0,0,0,0,0,0,0,0,0,0,0,0,0,0,0,0,0,0,0,0,0,0,1,1,1,1,1,1,1,1,1,1,1,1,1,1,1,1,1,1,1,1,1,1,1,1,1,1,1,1,1,1,1
1,1994-06-01,1,12,31,4,6,1,1,0,1496,1,0,5,4,12,0,0,0,0,0,0,0,0,0,0,0,0,0,0,6,0,0,0,1,3,0,0,0,0,0,0,,1,1,1,1,1,1,1,1,1,1,1,1,1,1,1,1,1,1,1,1,1,1,1,1,1,1,1,1,1,1,0
1,1994-05-01,1,9,40,16,10,1,1,0,1496,1,7,2,0,0,5,0,0,1,2,3,2,0,0,0,0,9,0,8,0,0,0,1,0,0,0,0,0,0,0,0,0,1,1,1,1,1,1,1,1,1,1,1,1,1,1,1,1,1,1,1,1,1,1,1,1,1,1,1,1,1,1,1
1,1994-04-01,1,88,286.5,15,17,1,1,0,1496,1,1,5,3,0,2,28,2.5,64,14,7,1,0,0,0,88,2,29,22,8,0,0,0,8,2,0,0,0,0,0,0,,1,1,1,1,1,1,1,1,1,1,1,1,1,1,1,1,1,1,1,1,1,1,1,1,1,1,1,1,1,1,0
1,1994-03-01,1,70,335.5,26,17,1,1,0,1496,1,0,0,0,0,48,13,22,7,12,6,5,0,22,0,7,7,0,1,0,0,42,5,8,0,0,70,2.5,58,0,0,0,1,1,1,1,1,1,1,1,1,1,1,1,1,1,1,1,1,1,1,1,1,1,1,1,1,1,1,1,1,1,1
1,1994-02-01,1,62,252,12,15,1,1,0,1496,1,0,0,26,1,1,7,0,32,19,3,0,62,0,9,0,0,2,0,1,20,0,0,0,6,0,60,0,3,,,,1,1,1,1,1,1,1,1,1,1,1,1,1,1,1,1,1,1,1,1,1,1,1,1,1,1,1,1,0,0,0
1,1994-01-01,1,70,374,22,17,1,1,0,1496,1,0,32,20,26,14,4,0,0,9,0,35,1,9,28,5,10,46,0,0,30,0,70,26,0,0,0,0,9,0,0,0,1,1,1,1,1,1,1,1,1,1,1,1,1,1,1,1,1,1,1,1,1,1,1,1,1,1,1,1,1,1,1
1,1993-12-01,1,40,89,27,6,1,1,0,1005.5,1,0,36,0,0,0,0,0,0,0,0,0,1,0,0,0,0,0,0,0,4,2,0,0,0,0,6,40,0,0,0,0,1,1,1,1,1,1,1,1,1,1,1,1,1,1,1,1,1,1,1,1,1,1,1,1,1,1,1,1,1,1,1
1,1993-11-01,1,23,40.5,18,5,1,1,0,1005.5,1,0,0,0,2.5,0,0,0,0,0,0,2,0,0,0,0,0,0,23,0,3,0,0,0,0,0,10,0,0,0,0,,1,1,1,1,1,1,1,1,1,1,1,1,1,1,1,1,1,1,1,1,1,1,1,1,1,1,1,1,1,1,0
1,1993-10-01,1,20,29.5,2,3,1,1,0,1005.5,1,0,20,0,0,0,0,0,0,0,0,0,0,0,0,0,0,0,7,0,0,0,0,0,0,0,0,2.5,0,0,0,0,1,1,1,1,1,1,1,1,1,1,1,1,1,1,1,1,1,1,1,1,1,1,1,1,1,1,1,1,1,1,1
1,1993-09-01,1,6,16.5,23,4,1,1,0,1005.5,1,0,0,0,0,0,0,0,0,0,0,0,0,0,0,0,0,0,0,0,3,0,5,6,0,0,0,2.5,0,0,0,,1,1,1,1,1,1,1,1,1,1,1,1,1,1,1,1,1,1,1,1,1,1,1,1,1,1,1,1,1,1,0
1,1993-08-01,1,4,4,1,1,1,1,0,1005.5,1,4,0,0,0,0,0,0,0,0,0,0,0,0,0,0,0,0,0,0,0,0,0,0,0,0,0,0,0,0,0,0,1,1,1,1,1,1,1,1,1,1,1,1,1,1,1,1,1,1,1,1,1,1,1,1,1,1,1,1,1,1,1
1,1993-07-01,1,0,0,1,,1,1,0,1005.5,1,0,0,0,0,0,0,0,0,0,0,0,0,0,0,0,0,0,0,0,0,0,0,0,0,0,0,0,0,0,0,0,1,1,1,1,1,1,1,1,1,1,1,1,1,1,1,1,1,1,1,1,1,1,1,1,1,1,1,1,1,1,1
1,1993-06-01,1,9,11.5,20,2,1,1,0,1005.5,1,0,0,0,0,0,0,0,0,0,2.5,0,0,0,0,0,0,0,0,0,9,0,0,0,0,0,0,0,0,0,0,,1,1,1,1,1,1,1,1,1,1,1,1,1,1,1,1,1,1,1,1,1,1,1,1,1,1,1,1,1,1,0
1,1993-05-01,1,45,66,1,3,1,1,0,1005.5,1,45,0,0,3,0,0,0,0,0,0,0,0,0,0,0,0,0,0,0,0,18,0,0,0,0,0,0,0,0,0,0,1,1,1,1,1,1,1,1,1,1,1,1,1,1,1,1,1,1,1,1,1,1,1,1,1,1,1,1,1,1,1
1,1993-04-01,1,30,97.5,22,8,1,1,0,1005.5,1,0,0,0,3,0,0,8,0,28,0,0,0,0,6,0,0,0,10,0,0,0,30,0,0,0,7.5,5,0,0,0,,1,1,1,1,1,1,1,1,1,1,1,1,1,1,1,1,1,1,1,1,1,1,1,1,1,1,1,1,1,1,0
1,1993-03-01,1,30,148.5,21,9,1,1,0,1005.5,1,21,8,12,0,0,0,0,0,0,0,0,0,0,0,0,20,0,0,0,0,30,12.5,0,0,0,0,0,20,15,10,0,1,1,1,1,1,1,1,1,1,1,1,1,1,1,1,1,1,1,1,1,1,1,1,1,1,1,1,1,1,1,1
1,1993-02-01,1,58,284,15,10,1,1,0,1005.5,1,0,0,0,0,18,0,0,0,0,0,0,0,0,38,58,50,0,48,34,0,0,3,10,1,0,0,0,24,,,,1,1,1,1,1,1,1,1,1,1,1,1,1,1,1,1,1,1,1,1,1,1,1,1,1,1,1,1,0,0,0
1,1993-01-01,1,52,218.5,31,10,1,1,0,1005.5,1,0,0,0,0,4.5,0,0,0,1,13,0,0,0,16,0,25,0,42,3,48,0,0,0,0,0,0,0,0,14,0,52,1,1,1,1,1,1,1,1,1,1,1,1,1,1,1,1,1,1,1,1,1,1,1,1,1,1,1,1,1,1,1
1,1992-12-01,1,40,84,13,8,1,1,0,1818.5,1,4,0,6,0,0,2,0,0,8,8,0,0,40,0,0,0,0,0,0,0,14,0,0,0,0,0,0,0,2,0,0,1,1,1,1,1,1,1,1,1,1,1,1,1,1,1,1,1,1,1,1,1,1,1,1,1,1,1,1,1,1,1
1,1992-11-01,1,130,157,27,2,1,1,0,1818.5,1,0,0,0,0,0,0,0,0,0,0,0,0,0,0,0,0,0,0,0,0,0,0,0,0,0,0,130,0,0,27,,1,1,1,1,1,1,1,1,1,1,1,1,1,1,1,1,1,1,1,1,1,1,1,1,1,1,1,1,1,1,0
1,1992-10-01,1,3.5,3.5,21,1,1,1,0,1818.5,1,0,0,0,0,0,0,0,0,0,0,0,0,0,0,0,0,0,0,0,0,3.5,0,0,0,0,0,0,0,0,0,0,1,1,1,1,1,1,1,1,1,1,1,1,1,1,1,1,1,1,1,1,1,1,1,1,1,1,1,1,1,1,1
1,1992-09-01,1,5,7,7,3,1,1,0,1818.5,1,0,0,0,0,0,1,5,0,0,0,0,0,0,0,0,0,1,0,0,0,0,0,0,0,0,0,0,0,0,0,,1,1,1,1,1,1,1,1,1,1,1,1,1,1,1,1,1,1,1,1,1,1,1,1,1,1,1,1,1,1,0
1,1992-08-01,1,4,4,11,1,1,1,0,1818.5,1,0,0,0,0,0,0,0,0,0,0,4,0,0,0,0,0,0,0,0,0,0,0,0,0,0,0,0,0,0,0,0,1,1,1,1,1,1,1,1,1,1,1,1,1,1,1,1,1,1,1,1,1,1,1,1,1,1,1,1,1,1,1
1,1992-07-01,1,3.5,7.5,12,3,1,1,0,1818.5,1,0,0,1.5,0,0,0,0,0,0,0,0,3.5,0,0,0,2.5,0,0,0,0,0,0,0,0,0,0,0,0,0,0,0,1,1,1,1,1,1,1,1,1,1,1,1,1,1,1,1,1,1,1,1,1,1,1,1,1,1,1,1,1,1,1
1,1992-06-01,1,0,0,1,,1,1,0,1818.5,1,0,0,0,0,0,0,0,0,0,0,0,0,0,0,0,0,0,0,0,0,0,0,0,0,0,0,0,0,0,0,,1,1,1,1,1,1,1,1,1,1,1,1,1,1,1,1,1,1,1,1,1,1,1,1,1,1,1,1,1,1,0
1,1992-05-01,1,9,9,10,1,1,1,0,1818.5,1,0,0,0,0,0,0,0,0,0,9,0,0,0,0,0,0,0,0,0,0,0,0,0,0,0,0,0,0,0,0,0,1,1,1,1,1,1,1,1,1,1,1,1,1,1,1,1,1,1,1,1,1,1,1,1,1,1,1,1,1,1,1
1,1992-04-01,1,70,238.5,4,10,1,1,0,1818.5,1,49,26,1,70,0,0,44,3.5,0,0,5,0,0,0,6,28,6,0,0,0,0,0,0,0,0,0,0,0,0,0,,1,1,1,1,1,1,1,1,1,1,1,1,1,1,1,1,1,1,1,1,1,1,1,1,1,1,1,1,1,1,0
1,1992-03-01,1,90,308,28,15,1,1,0,1818.5,1,40,7,0,0,0,0,6,50,0,0,0,3,2,0,0,0,4,0,0,1,0,17,15,55,6,7,5,90,0,0,0,1,1,1,1,1,1,1,1,1,1,1,1,1,1,1,1,1,1,1,1,1,1,1,1,1,1,1,1,1,1,1
1,1992-02-01,1,56,328.5,19,14,1,1,0,1818.5,1,6,0,0,0,0,0,15,0,5,10,34,11,30.5,36,18,5,0,22,56,50,0,0,0,0,0,0,0,0,30,,,1,1,1,1,1,1,1,1,1,1,1,1,1,1,1,1,1,1,1,1,1,1,1,1,1,1,1,1,1,0,0
1,1992-01-01,1,122,671.5,26,13,1,1,0,1818.5,1,0,0,0,0,0,0,0,0,0,0,45,0,0,0,90,0,0,73,4,45,0,14,4.5,40,8,122,114,106,6,0,0,1,1,1,1,1,1,1,1,1,1,1,1,1,1,1,1,1,1,1,1,1,1,1,1,1,1,1,1,1,1,1
1,1984-12-01,1,33.7,56.3,24,3,1,1,1,,0,0,0,5.1,0,0,0,0,0,0,0,0,0,0,0,0,0,0,0,0,0,0,0,0,33.7,17.5,0,0,0,0,0,0,0,0,0,0,0,0,0,0,0,0,0,0,0,0,0,0,0,0,0,0,0,0,0,0,0,0,0,0,0,0,0
1,1984-11-01,1,12.7,12.7,22,1,1,1,1,,0,0,0,0,0,0,0,0,0,0,0,0,0,0,0,0,0,0,0,0,0,0,12.7,0,0,0,0,0,0,0,0,,0,0,0,0,0,0,0,0,0,0,0,0,0,0,0,0,0,0,0,0,0,0,0,0,0,0,0,0,0,0,0
1,1984-09-01,1,23.7,25.5,1,2,1,1,1,,0,23.7,0,0,0,0,0,0,0,0,0,0,0,0,0,0,0,0,0,0,0,0,0,0,0,0,0,0,1.8,0,0,,0,0,0,0,0,0,0,0,0,0,0,0,0,0,0,0,0,0,0,0,0,0,0,0,0,0,0,0,0,0,0
1,1984-08-01,1,12.4,19.5,23,2,1,1,1,,0,0,0,0,0,0,0,0,0,0,0,0,0,0,0,0,0,0,0,0,0,0,0,12.4,0,0,0,0,0,0,7.1,0,0,0,0,0,0,0,0,0,0,0,0,0,0,0,0,0,0,0,0,0,0,0,0,0,0,0,0,0,0,0,0
1,1984-07-01,1,1.2,1.2,3,1,1,1,1,,0,0,0,1.2,0,0,0,0,0,0,0,0,0,0,0,0,0,0,0,0,0,0,0,0,0,0,0,0,0,0,0,0,0,0,0,0,0,0,0,0,0,0,0,0,0,0,0,0,0,0,0,0,0,0,0,0,0,0,0,0,0,0,0
1,1984-06-01,1,9.1,9.1,13,1,1,1,1,,0,0,0,0,0,0,0,0,0,0,0,0,0,9.1,0,0,0,0,0,0,0,0,0,0,0,0,0,0,0,0,0,,0,0,0,0,0,0,0,0,0,0,0,0,0,0,0,0,0,0,0,0,0,0,0,0,0,0,0,0,0,0,0
1,1984-05-01,1,38.5,137.8,14,9,1,1,1,,0,9.4,5.8,0,12.9,0,0,5.7,12.7,0,0,0,17.2,0,38.5,0,0,0,0,0,0,24.7,0,0,10.9,0,0,0,0,0,0,0,0,0,0,0,0,0,0,0,0,0,0,0,0,0,0,0,0,0,0,0,0,0,0,0,0,0,0,0,0,0,0
1,1984-04-01,1,78.8,483.2,15,23,1,1,1,,0,13.1,22.7,37.9,19.4,25.1,50.2,12.9,30.7,11.6,0,0,21.7,0,8.5,78.8,3.2,8.4,39.1,11.3,7.5,7.9,0,0,0,8.4,25.3,5.8,12.4,21.3,0,,0,0,0,0,0,0,0,0,0,0,0,0,0,0,0,0,0,0,0,0,0,0,0,0,0,0,0,0,0,0,0
1,1984-03-01,1,83.4,232.8,27,14,1,1,1,,0,0,6.2,0,0,12,3.1,12,8,0,0,0,2.5,25.9,0,0,3,39.4,8.1,0,0,0,0,0,0,0,12.7,83.4,12.3,4.2,0,0,0,0,0,0,0,0,0,0,0,0,0,0,0,0,0,0,0,0,0,0,0,0,0,0,0,0,0,0,0,0,0
1,1984-02-01,1,65.8,253,29,15,1,1,1,,0,0,0,0,0,5.7,0,11.3,0,0,6,0,8.4,21.6,13.1,11.8,0,20.1,19.7,3,21.9,25.1,0,0,0,0,0,7.6,11.9,65.8,,,0,0,0,0,0,0,0,0,0,0,0,0,0,0,0,0,0,0,0,0,0,0,0,0,0,0,0,0,0,0,0
1,1984-01-01,1,69.9,279.7,31,14,1,1,1,,0,0,13.4,0,4.5,0,0,0,41.7,5.3,4.1,0,28.5,0,0,13.4,15.8,13.9,7.1,38.6,12.1,0,0,0,0,0,0,0,0,0,11.4,69.9,0,0,0,0,0,0,0,0,0,0,0,0,0,0,0,0,0,0,0,0,0,0,0,0,0,0,0,0,0,0,0
1,1983-12-01,1,85.9,133.2,2,4,1,1,0,812.2,1,0,85.9,0,0,0,0,0,0,0,0,0,0,0,0,0,0,0,0,0,0,0,0,36.7,3.2,0,0,0,0,0,0,7.4,1,1,1,1,1,1,1,1,1,1,1,1,1,1,1,1,1,1,1,1,1,1,1,1,1,1,1,1,1,1,1
1,1983-11-01,1,13.9,17,8,2,1,1,0,812.2,1,0,0,0,0,3.1,0,0,13.9,0,0,0,0,0,0,0,0,0,0,0,0,0,0,0,0,0,0,0,0,0,0,,1,1,1,1,1,1,1,1,1,1,1,1,1,1,1,1,1,1,1,1,1,1,1,1,1,1,1,1,1,1,0
1,1983-10-01,1,0,0,1,0,1,1,1,812.2,1,0,0,0,0,0,0,0,0,0,0,0,0,0,0,0,0,0,0,0,0,0,0,0,0,0,0,0,0,0,0,0,1,1,1,1,1,1,1,1,1,1,1,1,1,1,1,1,1,1,1,1,1,1,1,1,1,1,1,1,1,1,1
1,1983-09-01,1,0,0,1,0,1,1,1,812.2,1,0,0,0,0,0,0,0,0,0,0,0,0,0,0,0,0,0,0,0,0,0,0,0,0,0,0,0,0,0,0,,1,1,1,1,1,1,1,1,1,1,1,1,1,1,1,1,1,1,1,1,1,1,1,1,1,1,1,1,1,1,0
1,1983-08-01,1,0,0,1,0,1,1,1,812.2,1,0,0,0,0,0,0,0,0,0,0,0,0,0,0,0,0,0,0,0,0,0,0,0,0,0,0,0,0,0,0,0,1,1,1,1,1,1,1,1,1,1,1,1,1,1,1,1,1,1,1,1,1,1,1,1,1,1,1,1,1,1,1
1,1983-07-01,1,0,0,1,0,1,1,1,812.2,1,0,0,0,0,0,0,0,0,0,0,0,0,0,0,0,0,0,0,0,0,0,0,0,0,0,0,0,0,0,0,0,1,1,1,1,1,1,1,1,1,1,1,1,1,1,1,1,1,1,1,1,1,1,1,1,1,1,1,1,1,1,1
1,1983-06-01,1,0,0,1,0,1,1,1,812.2,1,0,0,0,0,0,0,0,0,0,0,0,0,0,0,0,0,0,0,0,0,0,0,0,0,0,0,0,0,0,0,,1,1,1,1,1,1,1,1,1,1,1,1,1,1,1,1,1,1,1,1,1,1,1,1,1,1,1,1,1,1,0
1,1983-05-01,1,10.2,10.2,24,1,1,1,0,812.2,1,0,0,0,0,0,0,0,0,0,0,0,0,0,0,0,0,0,0,0,0,0,0,0,10.2,0,0,0,0,0,0,0,1,1,1,1,1,1,1,1,1,1,1,1,1,1,1,1,1,1,1,1,1,1,1,1,1,1,1,1,1,1,1
1,1983-04-01,1,17.5,31.5,9,3,1,1,0,812.2,1,3.7,0,0,0,0,0,10.3,0,17.5,0,0,0,0,0,0,0,0,0,0,0,0,0,0,0,0,0,0,0,0,0,,1,1,1,1,1,1,1,1,1,1,1,1,1,1,1,1,1,1,1,1,1,1,1,1,1,1,1,1,1,1,0
1,1983-03-01,1,64,235,28,10,1,1,0,812.2,1,0,0,0,0,0,0,0,0,0,0,0,0,0,14.5,0,0,8.9,0,0,1.8,0,0,29.4,0,17.1,0,29.2,64,10.1,56.9,3.1,1,1,1,1,1,1,1,1,1,1,1,1,1,1,1,1,1,1,1,1,1,1,1,1,1,1,1,1,1,1,1
1,1983-02-01,1,55.1,198.8,6,9,1,1,0,812.2,1,0,2.4,0,0,42.7,55.1,13.4,0,19.7,17.1,0,0,0,28.7,0,7.3,0,0,0,12.4,0,0,0,0,0,0,0,0,,,,1,1,1,1,1,1,1,1,1,1,1,1,1,1,1,1,1,1,1,1,1,1,1,1,1,1,1,1,0,0,0
1,1983-01-01,1,61,186.5,28,6,1,1,0,812.2,1,0,0,0,0,0,0,0,0,0,0,0,0,0,0,0,0,0,0,0,49.2,0,0,32.2,0,0,0,29.7,61,10.3,0,4.1,1,1,1,1,1,1,1,1,1,1,1,1,1,1,1,1,1,1,1,1,1,1,1,1,1,1,1,1,1,1,1
1,1982-12-01,1,25.1,29.9,25,3,1,1,0,,0,0,0,0,0,0,0,0,0,0,0,0,0,0,0,0,0,0,0,0,0,0,1.4,0,0,25.1,0,0,0,3.4,0,0,1,1,1,1,1,1,1,1,1,1,1,1,1,1,1,1,1,1,1,1,1,1,1,1,1,1,1,1,1,1,1
1,1982-11-01,1,11.5,13.6,30,2,1,1,0,,0,0,0,0,0,0,0,0,0,0,0,0,0,0,0,0,0,0,2.1,0,0,0,0,0,0,0,0,0,0,0,11.5,,1,1,1,1,1,1,1,1,1,1,1,1,1,1,1,1,1,1,1,1,1,1,1,1,1,1,1,1,1,1,0
1,1982-10-01,1,27.9,45,27,3,1,1,0,,0,3.6,0,0,0,0,0,0,0,0,0,0,0,0,0,0,0,0,0,0,0,0,0,0,0,0,0,27.9,0,0,13.5,0,1,1,1,1,1,1,1,1,1,1,1,1,1,1,1,1,1,1,1,1,1,1,1,1,1,1,1,1,1,1,1
1,1982-08-01,1,0,0,1,0,1,1,1,,0,0,0,0,0,0,0,0,0,0,0,0,0,0,0,0,0,0,0,0,0,0,0,0,0,0,0,0,0,0,0,0,1,1,1,1,1,1,1,1,1,1,1,1,1,1,1,1,1,1,1,1,1,1,1,1,1,1,1,1,1,1,1
1,1982-07-01,1,8.1,8.1,27,1,1,1,0,,0,0,0,0,0,0,0,0,0,0,0,0,0,0,0,0,0,0,0,0,0,0,0,0,0,0,0,8.1,0,0,0,0,1,1,1,1,1,1,1,1,1,1,1,1,1,1,1,1,1,1,1,1,1,1,1,1,1,1,1,1,1,1,1
1,1982-06-01,1,12.7,12.7,21,1,1,1,0,,0,0,0,0,0,0,0,0,0,0,0,0,0,0,0,0,0,0,0,0,0,12.7,0,0,0,0,0,0,0,0,0,,1,1,1,1,1,1,1,1,1,1,1,1,1,1,1,1,1,1,1,1,1,1,1,1,1,1,1,1,1,1,0
1,1982-05-01,1,13.7,35,17,4,1,1,0,,0,12.5,0,0,5.1,0,3.7,0,0,0,0,0,0,0,0,0,0,13.7,0,0,0,0,0,0,0,0,0,0,0,0,0,0,1,1,1,1,1,1,1,1,1,1,1,1,1,1,1,1,1,1,1,1,1,1,1,1,1,1,1,1,1,1,1
1,1982-04-01,1,66.9,173.2,16,8,1,1,0,,0,0,0,0,0,0,15.4,0,0,5.8,0,0,0,0,7.6,10.3,66.9,0,0,0,0,0,14.5,0,0,22.3,30.4,0,0,0,0,,1,1,1,1,1,1,1,1,1,1,1,1,1,1,1,1,1,1,1,1,1,1,1,1,1,1,1,1,1,1,0
1,1982-03-01,1,44.9,235.4,4,10,1,1,0,,0,0,0,11.8,44.9,0,0,0,0,21.3,0,0,42.8,0,0,24.7,0,0,0,18.3,0,0,0,0,0,0,0,10.2,31.9,10.4,0,19.1,1,1,1,1,1,1,1,1,1,1,1,1,1,1,1,1,1,1,1,1,1,1,1,1,1,1,1,1,1,1,1
1,1982-02-01,1,33.5,176,21,8,1,1,0,,0,0,0,0,10.7,0,0,0,0,0,0,0,0,0,27.9,0,0,0,33.4,10.2,0,33.5,0,11.9,0,0,0,14.9,33.5,,,,1,1,1,1,1,1,1,1,1,1,1,1,1,1,1,1,1,1,1,1,1,1,1,1,1,1,1,1,0,0,0
1,1982-01-01,1,58.1,246.2,28,11,1,1,0,,0,0,0,0,3.5,0,0,16.7,2.9,21.3,0,0,15.2,0,9.7,26.4,37.1,0,0,0,0,0,0,0,0,11.4,0,43.9,58.1,0,0,0,1,1,1,1,1,1,1,1,1,1,1,1,1,1,1,1,1,1,1,1,1,1,1,1,1,1,1,1,1,1,1
1,1981-12-01,1,28.4,59.2,21,3,1,1,0,1043.6,1,0,0,0,0,0,0,0,0,0,0,0,0,0,0,0,0,0,0,0,0,28.4,0,10.7,0,0,0,20.1,0,0,0,0,1,1,1,1,1,1,1,1,1,1,1,1,1,1,1,1,1,1,1,1,1,1,1,1,1,1,1,1,1,1,1
1,1981-11-01,1,51.4,104.6,24,4,1,1,0,1043.6,1,0,0,0,0,0,0,0,0,0,0,0,0,0,0,0,0,0,0,0,8.9,0,0,0,51.4,0,25.4,0,0,0,18.9,,1,1,1,1,1,1,1,1,1,1,1,1,1,1,1,1,1,1,1,1,1,1,1,1,1,1,1,1,1,1,0
1,1981-10-01,1,19,25.2,20,2,1,1,0,1043.6,1,0,0,0,0,0,0,0,0,0,6.2,0,0,0,0,0,0,0,0,0,19,0,0,0,0,0,0,0,0,0,0,0,1,1,1,1,1,1,1,1,1,1,1,1,1,1,1,1,1,1,1,1,1,1,1,1,1,1,1,1,1,1,1
1,1981-09-01,1,3.1,3.1,8,1,1,1,0,1043.6,1,0,0,0,0,0,0,0,3.1,0,0,0,0,0,0,0,0,0,0,0,0,0,0,0,0,0,0,0,0,0,0,,1,1,1,1,1,1,1,1,1,1,1,1,1,1,1,1,1,1,1,1,1,1,1,1,1,1,1,1,1,1,0
1,1981-08-01,1,13.2,16.3,21,2,1,1,0,1043.6,1,0,0,0,0,0,0,0,0,0,0,0,0,0,0,0,3.1,0,0,0,0,13.2,0,0,0,0,0,0,0,0,0,0,1,1,1,1,1,1,1,1,1,1,1,1,1,1,1,1,1,1,1,1,1,1,1,1,1,1,1,1,1,1,1
1,1981-07-01,1,0,0,1,0,1,1,1,1043.6,1,0,0,0,0,0,0,0,0,0,0,0,0,0,0,0,0,0,0,0,0,0,0,0,0,0,0,0,0,0,0,0,1,1,1,1,1,1,1,1,1,1,1,1,1,1,1,1,1,1,1,1,1,1,1,1,1,1,1,1,1,1,1
1,1981-06-01,1,0,0,1,0,1,1,1,1043.6,1,0,0,0,0,0,0,0,0,0,0,0,0,0,0,0,0,0,0,0,0,0,0,0,0,0,0,0,0,0,0,,1,1,1,1,1,1,1,1,1,1,1,1,1,1,1,1,1,1,1,1,1,1,1,1,1,1,1,1,1,1,0
1,1981-05-01,1,13.7,13.7,31,1,1,1,0,1043.6,1,0,0,0,0,0,0,0,0,0,0,0,0,0,0,0,0,0,0,0,0,0,0,0,0,0,0,0,0,0,0,13.7,1,1,1,1,1,1,1,1,1,1,1,1,1,1,1,1,1,1,1,1,1,1,1,1,1,1,1,1,1,1,1
1,1981-04-01,1,45.9,94.4,17,4,1,1,0,1043.6,1,22.4,14.6,0,0,0,0,11.5,0,0,0,0,0,0,0,0,0,45.9,0,0,0,0,0,0,0,0,0,0,0,0,0,,1,1,1,1,1,1,1,1,1,1,1,1,1,1,1,1,1,1,1,1,1,1,1,1,1,1,1,1,1,1,0
1,1981-03-01,1,118.7,489.7,20,14,1,1,0,1043.6,1,0,0,0,0,0,0,0,0,0,0,0,46.7,24.4,18.2,14.5,0,0,0,10.3,118.7,10.9,0,38.7,114.5,13.2,0,20.8,12.7,32.4,0,13.7,1,1,1,1,1,1,1,1,1,1,1,1,1,1,1,1,1,1,1,1,1,1,1,1,1,1,1,1,1,1,1
1,1981-02-01,1,28.7,41.8,21,2,1,1,0,1043.6,1,0,0,0,0,0,0,0,0,0,0,0,0,0,0,0,0,0,0,0,0,28.7,0,0,13.1,0,0,0,0,,,,1,1,1,1,1,1,1,1,1,1,1,1,1,1,1,1,1,1,1,1,1,1,1,1,1,1,1,1,0,0,0
1,1981-01-01,1,96.7,195.6,29,6,1,1,0,1043.6,1,39,0,0,0,0,0,0,0,0,0,0,0,0,0,0,0,0,0,0,0,0,18.4,0,7.3,0,0,19.5,0,96.7,0,14.7,1,1,1,1,1,1,1,1,1,1,1,1,1,1,1,1,1,1,1,1,1,1,1,1,1,1,1,1,1,1,1
1,1980-12-01,1,26.9,50.6,15,2,1,1,0,1295.7,1,0,0,0,0,0,0,0,0,0,0,0,0,0,0,26.9,0,0,0,0,0,0,0,0,0,0,0,0,23.7,0,0,0,1,1,1,1,1,1,1,1,1,1,1,1,1,1,1,1,1,1,1,1,1,1,1,1,1,1,1,1,1,1,1
1,1980-11-01,1,59.2,212.3,15,8,1,1,0,1295.7,1,0,0,0,0,0,2,38.4,0,0,12.3,0,18.7,0,57.6,59.2,0,11.5,0,0,0,0,0,0,12.6,0,0,0,0,0,0,,1,1,1,1,1,1,1,1,1,1,1,1,1,1,1,1,1,1,1,1,1,1,1,1,1,1,1,1,1,1,0
1,1980-10-01,1,21.3,45,27,3,1,1,0,1295.7,1,0,0,14.5,0,0,0,0,0,0,0,0,0,0,0,0,0,0,0,0,0,0,0,0,0,0,0,21.3,0,9.2,0,0,1,1,1,1,1,1,1,1,1,1,1,1,1,1,1,1,1,1,1,1,1,1,1,1,1,1,1,1,1,1,1
1,1980-09-01,1,26.9,40,22,2,1,1,0,1295.7,1,0,0,0,0,0,0,0,0,0,0,0,0,0,0,0,0,0,0,0,0,0,26.9,0,0,0,13.1,0,0,0,0,,1,1,1,1,1,1,1,1,1,1,1,1,1,1,1,1,1,1,1,1,1,1,1,1,1,1,1,1,1,1,0
1,1980-08-01,1,0,0,1,0,1,1,1,1295.7,1,0,0,0,0,0,0,0,0,0,0,0,0,0,0,0,0,0,0,0,0,0,0,0,0,0,0,0,0,0,0,0,1,1,1,1,1,1,1,1,1,1,1,1,1,1,1,1,1,1,1,1,1,1,1,1,1,1,1,1,1,1,1
1,1980-07-01,1,0,0,1,0,1,1,1,1295.7,1,0,0,0,0,0,0,0,0,0,0,0,0,0,0,0,0,0,0,0,0,0,0,0,0,0,0,0,0,0,0,0,1,1,1,1,1,1,1,1,1,1,1,1,1,1,1,1,1,1,1,1,1,1,1,1,1,1,1,1,1,1,1
1,1980-06-01,1,0,0,1,0,1,1,1,1295.7,1,0,0,0,0,0,0,0,0,0,0,0,0,0,0,0,0,0,0,0,0,0,0,0,0,0,0,0,0,0,0,,1,1,1,1,1,1,1,1,1,1,1,1,1,1,1,1,1,1,1,1,1,1,1,1,1,1,1,1,1,1,0
1,1980-05-01,1,17.4,28.1,14,2,1,1,0,1295.7,1,0,0,0,0,0,0,0,0,0,0,0,0,0,17.4,0,10.7,0,0,0,0,0,0,0,0,0,0,0,0,0,0,0,1,1,1,1,1,1,1,1,1,1,1,1,1,1,1,1,1,1,1,1,1,1,1,1,1,1,1,1,1,1,1
1,1980-04-01,1,53.7,70.9,8,3,1,1,0,1295.7,1,0,0,0,0,0,0,0,53.7,4.8,0,0,0,0,0,0,0,12.4,0,0,0,0,0,0,0,0,0,0,0,0,0,,1,1,1,1,1,1,1,1,1,1,1,1,1,1,1,1,1,1,1,1,1,1,1,1,1,1,1,1,1,1,0
1,1980-03-01,1,58.7,231.2,5,6,1,1,0,1295.7,1,25.6,21,0,0,58.7,27.4,54.9,0,43.6,0,0,0,0,0,0,0,0,0,0,0,0,0,0,0,0,0,0,0,0,0,0,1,1,1,1,1,1,1,1,1,1,1,1,1,1,1,1,1,1,1,1,1,1,1,1,1,1,1,1,1,1,1
1,1980-02-01,1,80.2,461.9,15,13,1,1,0,1295.7,1,30.9,0,14.7,0,0,0,0,12.5,0,0,0,0,27.9,0,80.2,75,18.4,75.5,0,8.1,0,10.4,0,37.9,0,50,0,20.4,0,,,1,1,1,1,1,1,1,1,1,1,1,1,1,1,1,1,1,1,1,1,1,1,1,1,1,1,1,1,1,0,0
1,1980-01-01,1,54.5,155.7,13,6,1,1,0,1295.7,1,6.2,0,27.1,0,0,0,0,0,0,26.7,0,0,54.5,0,0,0,17.5,0,23.7,0,0,0,0,0,0,0,0,0,0,0,0,1,1,1,1,1,1,1,1,1,1,1,1,1,1,1,1,1,1,1,1,1,1,1,1,1,1,1,1,1,1,1
1,1979-12-01,1,86,127.5,18,3,1,1,0,1437.1,1,12.8,0,0,0,0,0,0,0,0,0,0,0,0,0,0,0,0,86,0,0,0,0,0,0,0,0,0,0,28.7,0,0,1,1,1,1,1,1,1,1,1,1,1,1,1,1,1,1,1,1,1,1,1,1,1,1,1,1,1,1,1,1,1
1,1979-11-01,1,55.7,66,18,2,1,1,0,1437.1,1,0,0,0,0,0,0,0,0,0,0,0,0,0,0,10.3,0,0,55.7,0,0,0,0,0,0,0,0,0,0,0,0,,1,1,1,1,1,1,1,1,1,1,1,1,1,1,1,1,1,1,1,1,1,1,1,1,1,1,1,1,1,1,0
1,1979-10-01,1,38.7,57.4,18,2,1,1,0,1437.1,1,0,0,0,0,0,0,0,0,0,0,0,0,0,0,0,0,0,38.7,0,0,0,0,0,0,0,0,0,0,0,0,18.7,1,1,1,1,1,1,1,1,1,1,1,1,1,1,1,1,1,1,1,1,1,1,1,1,1,1,1,1,1,1,1
1,1979-09-01,1,61.9,95.9,5,3,1,1,0,1437.1,1,0,0,0,0,61.9,0,19.3,0,0,0,0,14.7,0,0,0,0,0,0,0,0,0,0,0,0,0,0,0,0,0,0,,1,1,1,1,1,1,1,1,1,1,1,1,1,1,1,1,1,1,1,1,1,1,1,1,1,1,1,1,1,1,0
1,1979-08-01,1,12.4,31.7,20,3,1,1,0,1437.1,1,0,0,0,0,0,0,0,0,0,0,0,0,0,0,0,0,0,0,0,12.4,0,9.3,0,10,0,0,0,0,0,0,0,1,1,1,1,1,1,1,1,1,1,1,1,1,1,1,1,1,1,1,1,1,1,1,1,1,1,1,1,1,1,1
1,1979-07-01,1,13.4,24.6,24,2,1,1,0,1437.1,1,0,0,0,0,0,0,0,0,0,0,0,0,0,0,0,0,0,0,0,0,11.2,0,0,13.4,0,0,0,0,0,0,0,1,1,1,1,1,1,1,1,1,1,1,1,1,1,1,1,1,1,1,1,1,1,1,1,1,1,1,1,1,1,1
1,1979-06-01,1,5.1,5.1,5,1,1,1,0,1437.1,1,0,0,0,0,5.1,0,0,0,0,0,0,0,0,0,0,0,0,0,0,0,0,0,0,0,0,0,0,0,0,0,,1,1,1,1,1,1,1,1,1,1,1,1,1,1,1,1,1,1,1,1,1,1,1,1,1,1,1,1,1,1,0
1,1979-05-01,1,19.8,52.2,16,3,1,1,0,1437.1,1,18.7,0,0,0,0,13.7,0,0,0,0,0,0,0,0,0,19.8,0,0,0,0,0,0,0,0,0,0,0,0,0,0,0,1,1,1,1,1,1,1,1,1,1,1,1,1,1,1,1,1,1,1,1,1,1,1,1,1,1,1,1,1,1,1
1,1979-04-01,1,81.7,169,24,6,1,1,0,1437.1,1,0,0,5.6,19.3,0,0,0,0,0,0,0,0,0,0,0,0,0,0,0,0,13.4,0,0,81.7,34.8,0,0,0,0,14.2,,1,1,1,1,1,1,1,1,1,1,1,1,1,1,1,1,1,1,1,1,1,1,1,1,1,1,1,1,1,1,0
1,1979-03-01,1,47.5,145.7,23,7,1,1,0,1437.1,1,0,12.5,0,0,24.7,0,0,0,12.3,0,0,0,0,0,0,0,0,0,0,0,0,0,47.5,0,13.7,0,0,10.2,0,0,24.8,1,1,1,1,1,1,1,1,1,1,1,1,1,1,1,1,1,1,1,1,1,1,1,1,1,1,1,1,1,1,1
1,1979-02-01,1,79.1,321.2,24,7,1,1,0,1437.1,1,0,21.3,0,0,0,0,0,59.4,0,0,19.6,0,0,0,32.4,0,0,0,0,0,63.7,0,0,79.1,0,45.7,0,0,,,,1,1,1,1,1,1,1,1,1,1,1,1,1,1,1,1,1,1,1,1,1,1,1,1,1,1,1,1,0,0,0
1,1979-01-01,1,71.6,340.8,19,10,1,1,0,1437.1,1,0,0,0,0,0,0,11,0,0,0,48.9,0,0,0,0,19.4,65.7,0,71.6,37.4,0,16,39.2,0,14.2,0,0,0,17.4,0,0,1,1,1,1,1,1,1,1,1,1,1,1,1,1,1,1,1,1,1,1,1,1,1,1,1,1,1,1,1,1,1
1,1978-12-01,1,39.8,91.8,19,4,1,1,0,,0,0,7.8,0,0,0,0,0,0,0,0,0,0,0,0,0,0,0,0,39.8,0,0,24.7,0,0,19.5,0,0,0,0,0,0,1,1,1,1,1,1,1,1,1,1,1,1,1,1,1,1,1,1,1,1,1,1,1,1,1,1,1,1,1,1,1
1,1978-11-01,1,68.7,172.7,15,4,1,1,0,,0,0,0,0,0,0,0,0,0,0,0,0,0,0,53.4,68.7,0,0,0,0,0,0,0,0,31.9,0,0,0,0,18.7,0,,1,1,1,1,1,1,1,1,1,1,1,1,1,1,1,1,1,1,1,1,1,1,1,1,1,1,1,1,1,1,0
1,1978-10-01,1,15.4,25.4,19,2,1,1,0,,0,0,0,0,0,0,0,0,0,0,0,0,0,0,0,0,0,0,0,15.4,0,10,0,0,0,0,0,0,0,0,0,0,1,1,1,1,1,1,1,1,1,1,1,1,1,1,1,1,1,1,1,1,1,1,1,1,1,1,1,1,1,1,1
1,1978-09-01,1,13.7,24.1,29,3,1,1,0,,0,0,0,0,0,0,10,0,0,0,0,0,0,0,0,0.4,0,0,0,0,0,0,0,0,0,0,0,0,0,13.7,0,,1,1,1,1,1,1,1,1,1,1,1,1,1,1,1,1,1,1,1,1,1,1,1,1,1,1,1,1,1,1,0
1,1978-08-01,1,11.4,11.4,20,1,1,1,1,,0,0,0,0,0,0,0,0,0,0,0,0,0,0,0,0,0,0,0,0,11.4,0,0,0,0,0,0,0,0,0,0,0,0,0,0,0,0,0,0,0,0,0,0,0,0,0,0,0,0,0,0,0,0,0,0,0,0,0,0,0,0,0,0
1,1978-07-01,1,21.8,60.5,17,4,1,1,0,,0,0,0,0,0,0,11.4,0,0,0,0,0,0,0,0,0,0,21.8,0,0,0,0,0,0,17.3,0,10,0,0,0,0,0,1,1,1,1,1,1,1,1,1,1,1,1,1,1,1,1,1,1,1,1,1,1,1,1,1,1,1,1,1,1,1
1,1978-06-01,1,12.4,12.4,12,1,1,1,0,,0,0,0,0,0,0,0,0,0,0,0,0,12.4,0,0,0,0,0,0,0,0,0,0,0,0,0,0,0,0,0,0,,1,1,1,1,1,1,1,1,1,1,1,1,1,1,1,1,1,1,1,1,1,1,1,1,1,1,1,1,1,1,0
1,1978-05-01,1,90.4,240.7,6,8,1,1,0,,0,35.7,13.4,14.8,0,34.7,90.4,0,15.7,0,0,0,0,0,12.1,0,0,0,0,0,23.9,0,0,0,0,0,0,0,0,0,0,0,1,1,1,1,1,1,1,1,1,1,1,1,1,1,1,1,1,1,1,1,1,1,1,1,1,1,1,1,1,1,1
1,1978-04-01,1,125.9,329.6,23,11,1,1,0,,0,0,34.7,0,0,35.7,12.3,0,18.5,0,0,15.7,0,0,0,17.4,0,0,0,0,0,0,0,125.9,0,0,30.1,23.4,0,5.6,10.3,,1,1,1,1,1,1,1,1,1,1,1,1,1,1,1,1,1,1,1,1,1,1,1,1,1,1,1,1,1,1,0
1,1978-03-01,1,31.9,156,4,8,1,1,0,,0,12.8,0,19.3,31.9,0,0,0,0,25.1,0,14.5,0,0,0,18.4,0,0,0,0,12.3,0,0,21.7,0,0,0,0,0,0,0,0,1,1,1,1,1,1,1,1,1,1,1,1,1,1,1,1,1,1,1,1,1,1,1,1,1,1,1,1,1,1,1
1,1978-02-01,1,69.8,214.3,11,7,1,1,0,,0,0,0,0,0,5.6,0,0,0,52.1,7.5,69.8,24.7,0,0,0,0,0,21.7,0,0,0,0,0,0,32.9,0,0,0,,,,1,1,1,1,1,1,1,1,1,1,1,1,1,1,1,1,1,1,1,1,1,1,1,1,1,1,1,1,0,0,0
1,1978-01-01,1,35.7,124.7,10,5,1,1,0,,0,0,0,0,26.4,0,0,0,0,0,35.7,0,32.4,0,10.2,0,0,20,0,0,0,0,0,0,0,0,0,0,0,0,0,0,1,1,1,1,1,1,1,1,1,1,1,1,1,1,1,1,1,1,1,1,1,1,1,1,1,1,1,1,1,1,1
1,1977-12-01,1,53.9,169.6,13,5,1,1,0,1764.6,1,0,0,0,0,0,0,0,0,0,0,0,22.7,53.9,0,0,0,19.4,0,24.9,0,0,0,0,0,0,0,0,0,0,48.7,0,1,1,1,1,1,1,1,1,1,1,1,1,1,1,1,1,1,1,1,1,1,1,1,1,1,1,1,1,1,1,1
1,1977-11-01,1,31.7,73.3,28,3,1,1,0,1764.6,1,15.2,0,0,0,0,0,26.4,0,0,0,0,0,0,0,0,0,0,0,0,0,0,0,0,0,0,0,0,31.7,0,0,,1,1,1,1,1,1,1,1,1,1,1,1,1,1,1,1,1,1,1,1,1,1,1,1,1,1,1,1,1,1,0
1,1977-10-01,1,19.5,42.8,10,3,1,1,0,1764.6,1,0,0,7.2,0,0,0,0,0,0,19.5,0,0,0,0,0,0,0,0,0,0,0,0,0,0,0,0,16.1,0,0,0,0,1,1,1,1,1,1,1,1,1,1,1,1,1,1,1,1,1,1,1,1,1,1,1,1,1,1,1,1,1,1,1
1,1977-09-01,1,22.7,42.1,22,2,1,1,0,1764.6,1,0,0,0,0,0,0,0,0,0,0,0,0,0,0,0,0,0,0,0,0,0,22.7,0,0,0,0,0,19.4,0,0,,1,1,1,1,1,1,1,1,1,1,1,1,1,1,1,1,1,1,1,1,1,1,1,1,1,1,1,1,1,1,0
1,1977-08-01,1,5.2,5.2,12,1,1,1,0,1764.6,1,0,0,0,0,0,0,0,0,0,0,0,5.2,0,0,0,0,0,0,0,0,0,0,0,0,0,0,0,0,0,0,0,1,1,1,1,1,1,1,1,1,1,1,1,1,1,1,1,1,1,1,1,1,1,1,1,1,1,1,1,1,1,1
1,1977-07-01,1,0,0,1,0,1,1,1,1764.6,1,0,0,0,0,0,0,0,0,0,0,0,0,0,0,0,0,0,0,0,0,0,0,0,0,0,0,0,0,0,0,0,1,1,1,1,1,1,1,1,1,1,1,1,1,1,1,1,1,1,1,1,1,1,1,1,1,1,1,1,1,1,1
1,1977-06-01,1,24.7,66.7,2,3,1,1,0,1764.6,1,0,24.7,0,0,0,17.9,0,0,0,0,0,0,0,0,0,0,0,0,0,0,0,24.1,0,0,0,0,0,0,0,0,,1,1,1,1,1,1,1,1,1,1,1,1,1,1,1,1,1,1,1,1,1,1,1,1,1,1,1,1,1,1,0
1,1977-05-01,1,75.6,190.3,2,4,1,1,0,1764.6,1,0,75.6,74.2,0,0,24.1,16.4,0,0,0,0,0,0,0,0,0,0,0,0,0,0,0,0,0,0,0,0,0,0,0,0,1,1,1,1,1,1,1,1,1,1,1,1,1,1,1,1,1,1,1,1,1,1,1,1,1,1,1,1,1,1,1
1,1977-04-01,1,77.4,393,2,9,1,1,0,1764.6,1,0,77.4,0,46.7,0,35.2,12.4,35.7,29.4,0,0,0,0,0,0,0,0,0,0,0,0,0,0,0,0,0,53.9,56.4,45.9,0,,1,1,1,1,1,1,1,1,1,1,1,1,1,1,1,1,1,1,1,1,1,1,1,1,1,1,1,1,1,1,0
1,1977-03-01,1,40.1,172.2,28,11,1,1,0,1764.6,1,0,0,0,0,17.4,0,12.3,0,0,16.5,0,0,0,0,0,0,0,0,0,0,7.5,13.4,0.4,11.7,0,18.3,11.7,40.1,22.9,0,0,1,1,1,1,1,1,1,1,1,1,1,1,1,1,1,1,1,1,1,1,1,1,1,1,1,1,1,1,1,1,1
1,1977-02-01,1,59.2,240.5,21,10,1,1,0,1764.6,1,0,0,0,0,0,0,24.7,13.9,0,0,0,0,24.5,0,0,19.7,13.1,0,0,36.7,59.2,12.5,0,25.6,0,0,10.6,0,,,,1,1,1,1,1,1,1,1,1,1,1,1,1,1,1,1,1,1,1,1,1,1,1,1,1,1,1,1,0,0,0
1,1977-01-01,1,150.9,368.9,26,10,1,1,0,1764.6,1,0,0,31.2,0,42.9,0,8.5,0,0,0,0,0,0,0,0,0,7.3,0,0,0,28.2,0,19.3,0,14.2,150.9,0,22.5,0,0,43.9,1,1,1,1,1,1,1,1,1,1,1,1,1,1,1,1,1,1,1,1,1,1,1,1,1,1,1,1,1,1,1
1,1976-12-01,1,41.8,61.3,4,2,1,1,0,,0,0,0,0,41.8,0,0,0,0,0,0,0,0,0,0,0,0,0,0,0,0,0,0,0,0,0,0,0,0,0,19.5,0,1,1,1,1,1,1,1,1,1,1,1,1,1,1,1,1,1,1,1,1,1,1,1,1,1,1,1,1,1,1,1
1,1976-11-01,1,34.8,112.8,29,6,1,1,0,,0,0,0,0,0,0,0,11.5,0,0,32.8,0,11.2,0,3.1,0,19.4,0,0,0,0,0,0,0,0,0,0,0,0,34.8,0,,1,1,1,1,1,1,1,1,1,1,1,1,1,1,1,1,1,1,1,1,1,1,1,1,1,1,1,1,1,1,0
1,1976-10-01,1,18,64.6,16,4,1,1,0,,0,0,0,12,0,17.3,0,0,0,0,0,0,0,0,17.3,0,18,0,0,0,0,0,0,0,0,0,0,0,0,0,0,0,1,1,1,1,1,1,1,1,1,1,1,1,1,1,1,1,1,1,1,1,1,1,1,1,1,1,1,1,1,1,1
1,1976-09-01,1,12.6,12.6,25,1,1,1,0,,0,0,0,0,0,0,0,0,0,0,0,0,0,0,0,0,0,0,0,0,0,0,0,0,0,12.6,0,0,0,0,0,,1,1,1,1,1,1,1,1,1,1,1,1,1,1,1,1,1,1,1,1,1,1,1,1,1,1,1,1,1,1,0
1,1976-08-01,1,0,0,1,0,1,1,1,,0,0,0,0,0,0,0,0,0,0,0,0,0,0,0,0,0,0,0,0,0,0,0,0,0,0,0,0,0,0,0,0,0,0,0,0,0,0,0,0,0,0,0,0,0,0,0,0,0,0,0,0,0,0,0,0,0,0,0,0,0,0,0
1,1976-07-01,1,9.2,9.2,16,1,1,1,0,,0,0,0,0,0,0,0,0,0,0,0,0,0,0,0,0,9.2,0,0,0,0,0,0,0,0,0,0,0,0,0,0,0,1,1,1,1,1,1,1,1,1,1,1,1,1,1,1,1,1,1,1,1,1,1,1,1,1,1,1,1,1,1,1
1,1976-06-01,1,14.7,24.9,28,2,1,1,0,,0,0,0,0,0,0,0,10.2,0,0,0,0,0,0,0,0,0,0,0,0,0,0,0,0,0,0,0,0,14.7,0,0,,1,1,1,1,1,1,1,1,1,1,1,1,1,1,1,1,1,1,1,1,1,1,1,1,1,1,1,1,1,1,0
1,1976-05-01,1,24.2,26.6,23,2,1,1,0,,0,0,2.4,0,0,0,0,0,0,0,0,0,0,0,0,0,0,0,0,0,0,0,0,24.2,0,0,0,0,0,0,0,0,1,1,1,1,1,1,1,1,1,1,1,1,1,1,1,1,1,1,1,1,1,1,1,1,1,1,1,1,1,1,1
1,1976-04-01,1,39.8,107.6,2,4,1,1,0,,0,16.7,39.8,12.4,38.7,0,0,0,0,0,0,0,0,0,0,0,0,0,0,0,0,0,0,0,0,0,0,0,0,0,0,,1,1,1,1,1,1,1,1,1,1,1,1,1,1,1,1,1,1,1,1,1,1,1,1,1,1,1,1,1,1,0
1,1976-03-01,1,21.4,57.3,25,4,1,1,0,,0,0,0,0,0,5.4,0,0,0,0,0,0,11,0,0,0,0,0,0,0,0,0,0,0,0,21.4,0,0,0,0,0,19.5,1,1,1,1,1,1,1,1,1,1,1,1,1,1,1,1,1,1,1,1,1,1,1,1,1,1,1,1,1,1,1
1,1976-02-01,1,56.7,307,4,11,1,1,0,,0,47.9,42.4,19.1,56.7,0,0,0,0,0,0,19.2,0,0,0,0,8.4,0,0,12.8,0,17,43.4,0,20.7,0,0,0,0,19.4,,,1,1,1,1,1,1,1,1,1,1,1,1,1,1,1,1,1,1,1,1,1,1,1,1,1,1,1,1,1,0,0
1,1976-01-01,1,31.7,189.6,18,12,1,1,0,,0,16.2,7.8,0,0,10.2,0,0,0,0,0,19.5,8.1,0,0,0,0,0,31.7,0,24.1,11,4.5,0,29.6,0,0,17.4,9.5,0,0,0,1,1,1,1,1,1,1,1,1,1,1,1,1,1,1,1,1,1,1,1,1,1,1,1,1,1,1,1,1,1,1
1,1975-12-01,1,58.4,237.9,4,9,1,1,0,1600.4,1,0,14.7,26.8,58.4,0,0,17.8,0,0,0,0,0,0,0,0,22.7,0,0,0,12.3,0,0,0,0,0,36.7,19.1,0,29.4,0,0,1,1,1,1,1,1,1,1,1,1,1,1,1,1,1,1,1,1,1,1,1,1,1,1,1,1,1,1,1,1,1
1,1975-11-01,1,14.7,17.8,28,2,1,1,0,1600.4,1,0,0,0,0,0,0,0,0,0,0,0,0,0,0,0,0,0,0,0,0,0,0,0,0,0,0,0,14.7,3.1,0,,1,1,1,1,1,1,1,1,1,1,1,1,1,1,1,1,1,1,1,1,1,1,1,1,1,1,1,1,1,1,0
1,1975-10-01,1,48.7,116.8,21,5,1,1,0,1600.4,1,0,0,0,0,0,0,0,0,0,0,0,0,0,0,0,10,0,0,0,17.5,48.7,0,0,0,0,0,24.9,0,15.7,0,0,1,1,1,1,1,1,1,1,1,1,1,1,1,1,1,1,1,1,1,1,1,1,1,1,1,1,1,1,1,1,1
1,1975-09-01,1,12.3,23.7,25,2,1,1,0,1600.4,1,0,0,0,0,0,0,0,0,0,0,0,0,0,0,0,0,0,0,0,0,0,0,0,0,12.3,0,11.4,0,0,0,,1,1,1,1,1,1,1,1,1,1,1,1,1,1,1,1,1,1,1,1,1,1,1,1,1,1,1,1,1,1,0
1,1975-08-01,1,0,0,1,0,1,1,1,1600.4,1,0,0,0,0,0,0,0,0,0,0,0,0,0,0,0,0,0,0,0,0,0,0,0,0,0,0,0,0,0,0,0,1,1,1,1,1,1,1,1,1,1,1,1,1,1,1,1,1,1,1,1,1,1,1,1,1,1,1,1,1,1,1
1,1975-07-01,1,41.7,60,18,3,1,1,0,1600.4,1,0,0,0,0,0,0,0,0,0,0,0,0,0,0,0,0,0,41.7,6.2,0,12.1,0,0,0,0,0,0,0,0,0,0,1,1,1,1,1,1,1,1,1,1,1,1,1,1,1,1,1,1,1,1,1,1,1,1,1,1,1,1,1,1,1
1,1975-06-01,1,23.5,43,21,3,1,1,0,1600.4,1,0,0,0,0,0,0,0,0,0,0,0,10.3,0,0,0,0,0,0,0,0,23.5,0,9.2,0,0,0,0,0,0,0,,1,1,1,1,1,1,1,1,1,1,1,1,1,1,1,1,1,1,1,1,1,1,1,1,1,1,1,1,1,1,0
1,1975-05-01,1,34.7,139,2,7,1,1,0,1600.4,1,0,34.7,0,0.5,0,0,14.5,0,0,7.2,0,0,0,34.7,0,0,0,22.4,25,0,0,0,0,0,0,0,0,0,0,0,0,1,1,1,1,1,1,1,1,1,1,1,1,1,1,1,1,1,1,1,1,1,1,1,1,1,1,1,1,1,1,1
1,1975-04-01,1,25,189.7,15,11,1,1,0,1600.4,1,0,0,0,0,23.2,0,0,14.3,0,15.7,0,24.8,0,0,25,0,8,0,0,13,17.8,0,0,13.7,10.1,0,24.1,0,0,0,,1,1,1,1,1,1,1,1,1,1,1,1,1,1,1,1,1,1,1,1,1,1,1,1,1,1,1,1,1,1,0
1,1975-03-01,1,60.9,262.3,25,9,1,1,0,1600.4,1,10.2,38.7,0,0,9,35.2,17.3,29,44.5,0,0,0,0,0,0,0,0,0,0,0,0,0,0,17.5,60.9,0,0,0,0,0,0,1,1,1,1,1,1,1,1,1,1,1,1,1,1,1,1,1,1,1,1,1,1,1,1,1,1,1,1,1,1,1
1,1975-02-01,1,39.4,342.3,24,15,1,1,0,1600.4,1,26.3,37.5,16.4,0,19.8,0,0,0,37.1,0,19,12.7,0,7,0,34.9,0,0,37.4,0,17.5,14.2,0,39.4,0,15.1,0,8,,,,1,1,1,1,1,1,1,1,1,1,1,1,1,1,1,1,1,1,1,1,1,1,1,1,1,1,1,1,0,0,0
1,1975-01-01,1,78,167.9,23,7,1,1,0,1600.4,1,11.2,0,0,0,0,0,0,0,0,0,15.7,0,0,0,0,0,0,12.3,0,7.4,0,0,78,0,0,34.1,0,9.2,0,0,0,1,1,1,1,1,1,1,1,1,1,1,1,1,1,1,1,1,1,1,1,1,1,1,1,1,1,1,1,1,1,1
1,1974-12-01,1,25.7,98,21,6,1,1,0,2096.8,1,2,0,0,0,24.3,0,0,0,0,0,0,0,0,0,0,0,14.2,0,0,0,25.7,0,9.1,0,0,22.7,0,0,0,0,0,1,1,1,1,1,1,1,1,1,1,1,1,1,1,1,1,1,1,1,1,1,1,1,1,1,1,1,1,1,1,1
1,1974-11-01,1,22.1,34.1,13,2,1,1,0,2096.8,1,0,0,0,0,0,0,0,0,0,0,0,0,22.1,0,0,12,0,0,0,0,0,0,0,0,0,0,0,0,0,0,,1,1,1,1,1,1,1,1,1,1,1,1,1,1,1,1,1,1,1,1,1,1,1,1,1,1,1,1,1,1,0
1,1974-10-01,1,70.3,182.3,22,6,1,1,0,2096.8,1,0,0,0,0,0,0,43.5,0,0,12.4,0,27.9,16.2,0,0,0,12,0,0,0,0,70.3,0,0,0,0,0,0,0,0,0,1,1,1,1,1,1,1,1,1,1,1,1,1,1,1,1,1,1,1,1,1,1,1,1,1,1,1,1,1,1,1
1,1974-09-01,1,19.2,36.8,11,3,1,1,0,2096.8,1,7.3,0,0,0,0,0,10.3,0,0,0,19.2,0,0,0,0,0,0,0,0,0,0,0,0,0,0,0,0,0,0,0,,1,1,1,1,1,1,1,1,1,1,1,1,1,1,1,1,1,1,1,1,1,1,1,1,1,1,1,1,1,1,0
1,1974-08-01,1,4.1,4.1,27,1,1,1,0,2096.8,1,0,0,0,0,0,0,0,0,0,0,0,0,0,0,0,0,0,0,0,0,0,0,0,0,0,0,4.1,0,0,0,0,1,1,1,1,1,1,1,1,1,1,1,1,1,1,1,1,1,1,1,1,1,1,1,1,1,1,1,1,1,1,1
1,1974-07-01,1,0.3,0.3,10,1,1,1,0,2096.8,1,0,0,0,0,0,0,0,0,0,0.3,0,0,0,0,0,0,0,0,0,0,0,0,0,0,0,0,0,0,0,0,0,1,1,1,1,1,1,1,1,1,1,1,1,1,1,1,1,1,1,1,1,1,1,1,1,1,1,1,1,1,1,1
1,1974-06-01,1,9.7,13.1,2,2,1,1,0,2096.8,1,0,9.7,0,0,0,0,0,3.4,0,0,0,0,0,0,0,0,0,0,0,0,0,0,0,0,0,0,0,0,0,0,,1,1,1,1,1,1,1,1,1,1,1,1,1,1,1,1,1,1,1,1,1,1,1,1,1,1,1,1,1,1,0
1,1974-05-01,1,57.9,243.7,12,8,1,1,0,2096.8,1,10.2,45.9,0,30.1,0,0,0,0,15.4,0,0,57.9,0,28.3,0,0,0,0,0,0,0,0,0,42.8,0,0,0,0,13.1,0,0,1,1,1,1,1,1,1,1,1,1,1,1,1,1,1,1,1,1,1,1,1,1,1,1,1,1,1,1,1,1,1
1,1974-04-01,1,55.4,321.1,13,15,1,1,0,2096.8,1,0,0,0,21,5.5,0,38.1,0,0,0,0,28.5,55.4,0,18,13.6,5.7,0,22.4,14,32.2,0,28.4,14.1,10,0,14.2,0,0,0,,1,1,1,1,1,1,1,1,1,1,1,1,1,1,1,1,1,1,1,1,1,1,1,1,1,1,1,1,1,1,0
1,1974-03-01,1,87.1,423.8,21,10,1,1,0,2096.8,1,0,18.7,7,0,35.2,0,0,0,0,0,40.9,16.3,0,0,0,0,0,0,0,26.3,87.1,29.4,75.8,0,87.1,0,0,0,0,0,0,1,1,1,1,1,1,1,1,1,1,1,1,1,1,1,1,1,1,1,1,1,1,1,1,1,1,1,1,1,1,1
1,1974-02-01,1,87.6,438.7,23,11,1,1,0,2096.8,1,0,49,0,10.5,0,8.4,18.5,64.1,0,14.9,0,0,84.5,0,0,0,0,78.3,0,3.7,0,0,87.6,0,0,19.2,0,0,,,,1,1,1,1,1,1,1,1,1,1,1,1,1,1,1,1,1,1,1,1,1,1,1,1,1,1,1,1,0,0,0
1,1974-01-01,1,59.3,300.8,15,9,1,1,0,2096.8,1,0,0,36.9,0,0,0,2.7,0,0,0,0,0,0,56.8,59.3,0,0,15.3,0,0,0,34.6,0,0,0,38.9,45.1,0,11.2,0,0,1,1,1,1,1,1,1,1,1,1,1,1,1,1,1,1,1,1,1,1,1,1,1,1,1,1,1,1,1,1,1
1,1973-12-01,1,67.3,136,22,3,1,1,0,2137.8,1,0,58.7,0,0,0,0,0,0,0,0,0,0,0,0,0,0,0,0,0,0,0,67.3,0,0,0,0,0,10,0,0,0,1,1,1,1,1,1,1,1,1,1,1,1,1,1,1,1,1,1,1,1,1,1,1,1,1,1,1,1,1,1,1
1,1973-11-01,1,50.7,167.7,5,6,1,1,0,2137.8,1,0,0,0,0,50.7,0,0,12.1,0,0,0,0,0,5.1,0,0,0,0,0,0,0,27.9,0,0,0,0,0,21.9,50,0,,1,1,1,1,1,1,1,1,1,1,1,1,1,1,1,1,1,1,1,1,1,1,1,1,1,1,1,1,1,1,0
1,1973-10-01,1,60.7,117.3,16,5,1,1,0,2137.8,1,0,0,0,5.9,0,0,0,0,0,0,0,9,0,0,0,60.7,0,0,0,0,0,21.9,0,0,0,19.8,0,0,0,0,0,1,1,1,1,1,1,1,1,1,1,1,1,1,1,1,1,1,1,1,1,1,1,1,1,1,1,1,1,1,1,1
1,1973-09-01,1,31.7,46.3,26,3,1,1,0,2137.8,1,0,0,0,0,0,0,0,0,0,0,0,5.4,0,9.2,0,0,0,0,0,0,0,0,0,0,0,31.7,0,0,0,0,,1,1,1,1,1,1,1,1,1,1,1,1,1,1,1,1,1,1,1,1,1,1,1,1,1,1,1,1,1,1,0
1,1973-08-01,1,15,34.4,5,3,1,1,0,2137.8,1,0,0,0,0,15,0,0,0,0,0,0,0,10.4,0,0,0,0,0,0,0,0,0,0,0,0,9,0,0,0,0,0,1,1,1,1,1,1,1,1,1,1,1,1,1,1,1,1,1,1,1,1,1,1,1,1,1,1,1,1,1,1,1
1,1973-07-01,1,19.2,37.7,15,3,1,1,0,2137.8,1,0,7.5,0,0,0,0,0,0,0,0,0,0,0,0,19.2,0,0,0,0,0,0,0,0,11,0,0,0,0,0,0,0,1,1,1,1,1,1,1,1,1,1,1,1,1,1,1,1,1,1,1,1,1,1,1,1,1,1,1,1,1,1,1
1,1973-06-01,1,18.7,39.9,16,3,1,1,0,2137.8,1,0,0,0,0,9.3,0,0,0,0,0,0,0,0,0,0,18.7,0,0,0,0,0,0,0,11.9,0,0,0,0,0,0,,1,1,1,1,1,1,1,1,1,1,1,1,1,1,1,1,1,1,1,1,1,1,1,1,1,1,1,1,1,1,0
1,1973-05-01,1,47.8,109.7,27,5,1,1,0,2137.8,1,13.8,24.5,0,0,0,0,0,0,0,0,0,0,0,0,17.1,0,0,0,0,0,0,0,0,0,0,0,47.8,6.5,0,0,0,1,1,1,1,1,1,1,1,1,1,1,1,1,1,1,1,1,1,1,1,1,1,1,1,1,1,1,1,1,1,1
1,1973-04-01,1,89.7,316.7,13,12,1,1,0,2137.8,1,0,18.7,0,0,6.2,56.7,27.9,16.1,0,0,0,0,89.7,4.5,18.7,14.6,0,31.9,0,0,0,0,0,0,0,0,20.4,0,0,11.3,,1,1,1,1,1,1,1,1,1,1,1,1,1,1,1,1,1,1,1,1,1,1,1,1,1,1,1,1,1,1,0
1,1973-03-01,1,139.7,589.7,25,15,1,1,0,2137.8,1,20.7,0,0,29.1,0,5.5,26.6,0,14.9,12,91.5,67.1,0,0,0,0,13.7,0,0,0,0,32.4,0,0,139.7,0,37.4,30.9,54.5,13.7,0,1,1,1,1,1,1,1,1,1,1,1,1,1,1,1,1,1,1,1,1,1,1,1,1,1,1,1,1,1,1,1
1,1973-02-01,1,53.2,219.8,25,8,1,1,0,2137.8,1,0,0,0,0,7.5,0,0,0,0,23.4,0,46.1,9,0,0,0,32.6,0,0,29.3,0,0,0,18.7,53.2,0,0,0,,,,1,1,1,1,1,1,1,1,1,1,1,1,1,1,1,1,1,1,1,1,1,1,1,1,1,1,1,1,0,0,0
1,1973-01-01,1,88.7,322.6,15,11,1,1,0,2137.8,1,0,6.1,0,49.4,0,0,0,11.9,0,10.7,0,34.5,0,0,88.7,0,0,0,0,19.5,0,0,31.7,0,0,14.3,0,0,38.7,0,17.1,1,1,1,1,1,1,1,1,1,1,1,1,1,1,1,1,1,1,1,1,1,1,1,1,1,1,1,1,1,1,1
1,1972-12-01,1,76.5,229.9,30,10,1,1,0,1445.1,1,0,0,0,0,0,0,16.8,0,0,0,0,0,0,0,0,0,0,0,8.6,0,14.1,2.3,0,63.4,12.5,0,13.6,0,15,76.5,7.1,1,1,1,1,1,1,1,1,1,1,1,1,1,1,1,1,1,1,1,1,1,1,1,1,1,1,1,1,1,1,1
1,1972-11-01,1,11.2,25.2,18,4,1,1,0,1445.1,1,0,0,0,0,0,0,0,0,3.7,0,0,0,0,0,0,0,0,11.2,0,2.5,0,0,0,0,0,0,0,0,0,7.8,,1,1,1,1,1,1,1,1,1,1,1,1,1,1,1,1,1,1,1,1,1,1,1,1,1,1,1,1,1,1,0
1,1972-10-01,1,3.7,7.1,25,2,1,1,0,1445.1,1,0,0,0,0,0,0,0,0,0,0,0,0,0,0,0,0,0,0,0,0,0,0,0,0,3.7,0,0,0,0,0,3.4,1,1,1,1,1,1,1,1,1,1,1,1,1,1,1,1,1,1,1,1,1,1,1,1,1,1,1,1,1,1,1
1,1972-09-01,1,3.1,3.1,16,1,1,1,0,1445.1,1,0,0,0,0,0,0,0,0,0,0,0,0,0,0,0,3.1,0,0,0,0,0,0,0,0,0,0,0,0,0,0,,1,1,1,1,1,1,1,1,1,1,1,1,1,1,1,1,1,1,1,1,1,1,1,1,1,1,1,1,1,1,0
1,1972-08-01,1,6.7,22.6,30,4,1,1,0,1445.1,1,0,0,0,0,0,0,0,0,0,6.4,0,0,0,0,0,0,0,0,0,0,0,0,3.6,0,0,0,0,0,0,6.7,5.9,1,1,1,1,1,1,1,1,1,1,1,1,1,1,1,1,1,1,1,1,1,1,1,1,1,1,1,1,1,1,1
1,1972-07-01,1,21.9,30.3,10,2,1,1,0,1445.1,1,0,0,0,0,0,0,0,0,0,21.9,0,0,0,0,0,0,8.4,0,0,0,0,0,0,0,0,0,0,0,0,0,0,1,1,1,1,1,1,1,1,1,1,1,1,1,1,1,1,1,1,1,1,1,1,1,1,1,1,1,1,1,1,1
1,1972-06-01,1,16.5,42,16,3,1,1,0,1445.1,1,0,0,0,0,0,0,0,13.8,0,0,0,0,0,0,0,16.5,0,0,0,0,0,0,0,11.7,0,0,0,0,0,0,,1,1,1,1,1,1,1,1,1,1,1,1,1,1,1,1,1,1,1,1,1,1,1,1,1,1,1,1,1,1,0
1,1972-05-01,1,15.9,29,29,3,1,1,0,1445.1,1,0,0,0,0,0,0,0,0,12.3,0,0,0,0,0,0,0,0.8,0,0,0,0,0,0,0,0,0,0,0,15.9,0,0,1,1,1,1,1,1,1,1,1,1,1,1,1,1,1,1,1,1,1,1,1,1,1,1,1,1,1,1,1,1,1
1,1972-04-01,1,61.7,258.8,27,11,1,1,0,1445.1,1,32.2,57.9,0,0,0,13.7,0,0,0,0,0,0,4.2,0,0,0,0,29.7,7.4,8.3,10.1,0,0,0,0,0,61.7,21.2,12.4,0,,1,1,1,1,1,1,1,1,1,1,1,1,1,1,1,1,1,1,1,1,1,1,1,1,1,1,1,1,1,1,0
1,1972-03-01,1,89.7,437.3,17,14,1,1,0,1445.1,1,26.7,12.1,13.4,0,0,0,5.6,6.1,10.2,76.7,0,0,0,32.6,0,0,89.7,0,77.9,9.1,0,0,0,0,0,0,0,0,22.9,13,41.3,1,1,1,1,1,1,1,1,1,1,1,1,1,1,1,1,1,1,1,1,1,1,1,1,1,1,1,1,1,1,1
1,1972-02-01,1,32.1,227.1,13,12,1,1,0,1445.1,1,0,0,4.3,0,0,0,28.7,0,2.7,0,0,16.2,32.1,12.7,0,25.9,16.2,0,27.7,12.1,0,0,0,0,0,32,16.5,0,0,,,1,1,1,1,1,1,1,1,1,1,1,1,1,1,1,1,1,1,1,1,1,1,1,1,1,1,1,1,1,0,0
1,1972-01-01,1,32.5,132.7,25,10,1,1,0,1445.1,1,0,0,0,5.7,0,0,0,0,10.2,0,0,0,0,0,3.4,0,12.4,5,27.6,10.4,9.1,0,0,0,32.5,16.4,0,0,0,0,0,1,1,1,1,1,1,1,1,1,1,1,1,1,1,1,1,1,1,1,1,1,1,1,1,1,1,1,1,1,1,1
1,1971-12-01,1,23.8,72.6,8,6,1,1,0,977,1,11.7,0,0,0,0,10.7,12.4,23.8,0,0,0,0,0,0,0,0,0,5.6,8.4,0,0,0,0,0,0,0,0,0,0,0,0,1,1,1,1,1,1,1,1,1,1,1,1,1,1,1,1,1,1,1,1,1,1,1,1,1,1,1,1,1,1,1
1,1971-11-01,1,23.5,62.2,6,7,1,1,0,977,1,0,0,0,0,0,23.5,0,0,17.5,0,0,0,0,6.1,4.5,0,0,2.7,0,0,0,2.7,0,0,0,0,0,0,0,5.2,,1,1,1,1,1,1,1,1,1,1,1,1,1,1,1,1,1,1,1,1,1,1,1,1,1,1,1,1,1,1,0
1,1971-10-01,1,14.8,36.4,7,3,1,1,0,977,1,0,0,0,0,0,0,14.8,0,0,0,0,0,10.6,0,0,0,0,0,0,0,0,0,0,0,0,0,0,11,0,0,0,1,1,1,1,1,1,1,1,1,1,1,1,1,1,1,1,1,1,1,1,1,1,1,1,1,1,1,1,1,1,1
1,1971-09-01,1,8.4,10.8,16,2,1,1,0,977,1,0,0,0,0,0,0,0,0,0,0,0,0,0,0,0,8.4,0,0,0,0,0,0,0,2.4,0,0,0,0,0,0,,1,1,1,1,1,1,1,1,1,1,1,1,1,1,1,1,1,1,1,1,1,1,1,1,1,1,1,1,1,1,0
1,1971-08-01,1,6.3,10.4,4,2,1,1,0,977,1,4.1,0,0,6.3,0,0,0,0,0,0,0,0,0,0,0,0,0,0,0,0,0,0,0,0,0,0,0,0,0,0,0,1,1,1,1,1,1,1,1,1,1,1,1,1,1,1,1,1,1,1,1,1,1,1,1,1,1,1,1,1,1,1
1,1971-07-01,1,7.2,13.1,2,4,1,1,0,977,1,0,7.2,0.1,0,0,0.5,0,0,0,0,0,0,0,0,0,0,0,0,0,0,0,5.3,0,0,0,0,0,0,0,0,0,1,1,1,1,1,1,1,1,1,1,1,1,1,1,1,1,1,1,1,1,1,1,1,1,1,1,1,1,1,1,1
1,1971-06-01,1,12.5,22.2,4,3,1,1,0,977,1,0,0,0,12.5,0,0,0,0,0,0,0,0,0,0,0,0,0,0,2.3,0,0,0,0,0,0,7.4,0,0,0,0,,1,1,1,1,1,1,1,1,1,1,1,1,1,1,1,1,1,1,1,1,1,1,1,1,1,1,1,1,1,1,0
1,1971-05-01,1,24.2,66.9,10,6,1,1,0,977,1,11.6,1.8,0,0,0,0,0,0,0,24.2,0,0,0,0,0,0,0,0,0,0,0,0,0,4.1,0,0,0,8.5,16.7,0,0,1,1,1,1,1,1,1,1,1,1,1,1,1,1,1,1,1,1,1,1,1,1,1,1,1,1,1,1,1,1,1
1,1971-04-01,1,85.9,381.8,8,19,1,1,0,977,1,7.4,0,1,5.7,26.8,10.1,14.8,85.9,8.4,4.5,18.4,0,0,3.6,0,18.4,0,0,0,2.4,0,41.7,5.1,70,0,0,0,9.4,4.7,43.5,,1,1,1,1,1,1,1,1,1,1,1,1,1,1,1,1,1,1,1,1,1,1,1,1,1,1,1,1,1,1,0
1,1971-03-01,1,29.2,153,20,15,1,1,0,977,1,10.6,5.2,0,0,17.3,0,0,0,0,0,0,0,0,0,8.4,4.5,18.8,5.4,14.1,29.2,0,0,0,5.8,0,5.1,12.4,7,7.8,0,1.4,1,1,1,1,1,1,1,1,1,1,1,1,1,1,1,1,1,1,1,1,1,1,1,1,1,1,1,1,1,1,1
1,1971-02-01,1,25.9,75,23,10,1,1,0,977,1,0,0,0,0,0,1.2,8.4,11.7,0,0,0,0,0,8.6,2.1,0,0,5.2,0,0,0,0,25.9,0,0,8.4,3.1,0.4,,,,1,1,1,1,1,1,1,1,1,1,1,1,1,1,1,1,1,1,1,1,1,1,1,1,1,1,1,1,0,0,0
1,1971-01-01,1,18.4,72.6,7,9,1,1,0,977,1,0,0,0,0,0,0,18.4,0,0,0,6.1,0,0,0,0,0,0,0,4.1,5.3,0,0,8.6,0,6.1,0,8.4,0,4.2,0,11.4,1,1,1,1,1,1,1,1,1,1,1,1,1,1,1,1,1,1,1,1,1,1,1,1,1,1,1,1,1,1,1
1,1970-12-01,1,129,251.9,5,10,1,1,0,,0,12.1,6.2,23.2,10.3,129,6.8,0,0,0,0,0,0,0,0,0,0,0,16.9,19.1,0,0,0,0,0,23.6,4.7,0,0,0,0,0,1,1,1,1,1,1,1,1,1,1,1,1,1,1,1,1,1,1,1,1,1,1,1,1,1,1,1,1,1,1,1
1,1970-10-01,1,12.1,22.1,25,2,1,1,0,,0,0,0,0,0,0,0,0,0,0,0,0,10,0,0,0,0,0,0,0,0,0,0,0,0,12.1,0,0,0,0,0,0,1,1,1,1,1,1,1,1,1,1,1,1,1,1,1,1,1,1,1,1,1,1,1,1,1,1,1,1,1,1,1
1,1970-09-01,1,19.5,24.9,16,2,1,1,0,,0,0,0,0,0,0,0,0,0,0,0,0,0,0,0,0,19.5,0,0,0,0,0,0,0,5.4,0,0,0,0,0,0,,1,1,1,1,1,1,1,1,1,1,1,1,1,1,1,1,1,1,1,1,1,1,1,1,1,1,1,1,1,1,0
1,1970-08-01,1,0,0,1,0,1,1,1,,0,0,0,0,0,0,0,0,0,0,0,0,0,0,0,0,0,0,0,0,0,0,0,0,0,0,0,0,0,0,0,0,1,1,1,1,1,1,1,1,1,1,1,1,1,1,1,1,1,1,1,1,1,1,1,1,1,1,1,1,1,1,1
1,1970-07-01,1,0,0,1,0,1,1,1,,0,0,0,0,0,0,0,0,0,0,0,0,0,0,0,0,0,0,0,0,0,0,0,0,0,0,0,0,0,0,0,0,1,1,1,1,1,1,1,1,1,1,1,1,1,1,1,1,1,1,1,1,1,1,1,1,1,1,1,1,1,1,1
1,1970-06-01,1,7.1,12.6,20,2,1,1,0,,0,0,0,0,0,0,0,0,0,0,0,0,0,0,0,0,5.5,0,0,0,7.1,0,0,0,0,0,0,0,0,0,0,,1,1,1,1,1,1,1,1,1,1,1,1,1,1,1,1,1,1,1,1,1,1,1,1,1,1,1,1,1,1,0
1,1970-05-01,1,78.1,141.6,5,2,1,1,0,,0,0,0,0,0,78.1,63.5,0,0,0,0,0,0,0,0,0,0,0,0,0,0,0,0,0,0,0,0,0,0,0,0,0,1,1,1,1,1,1,1,1,1,1,1,1,1,1,1,1,1,1,1,1,1,1,1,1,1,1,1,1,1,1,1
1,1970-04-01,1,73,109.9,23,4,1,1,0,,0,0,0,0,0,0,0,0,0,0,0,0,0,0,10.8,0,8.7,0,0,17.4,0,0,0,73,0,0,0,0,0,0,0,,1,1,1,1,1,1,1,1,1,1,1,1,1,1,1,1,1,1,1,1,1,1,1,1,1,1,1,1,1,1,0
1,1970-03-01,1,117.4,189.6,3,7,1,1,0,,0,0,0,117.4,0,6.1,4.2,0,0,27.9,0,0,0,0,9.7,0,0,0,0,0,17.9,6.4,0,0,0,0,0,0,0,0,0,0,1,1,1,1,1,1,1,1,1,1,1,1,1,1,1,1,1,1,1,1,1,1,1,1,1,1,1,1,1,1,1
1,1970-02-01,1,54,54,28,1,1,1,0,,0,0,0,0,0,0,0,0,0,0,0,0,0,0,0,0,0,0,0,0,0,0,0,0,0,0,0,0,54,,,,1,1,1,1,1,1,1,1,1,1,1,1,1,1,1,1,1,1,1,1,1,1,1,1,1,1,1,1,0,0,0
1,1970-01-01,1,51.4,266,18,9,1,1,1,,0,0,0,0,0,0,0,0,0,0,0,0,0,50.2,32.6,3.1,0,22.3,51.4,0,0,0,35.4,40.1,20.2,0,0,10.7,0,0,0,0,0,0,0,0,0,0,0,0,0,0,0,0,0,0,0,0,0,0,0,0,0,0,0,0,0,0,0,0,0,0,0
1,1969-11-01,1,28.9,45.6,10,3,1,1,0,,0,0,0,0,0,0,0,0,0,0,28.9,0,12.1,0,0,0,0,0,0,0,0,0,0,4.6,0,0,0,0,0,0,0,,1,1,1,1,1,1,1,1,1,1,1,1,1,1,1,1,1,1,1,1,1,1,1,1,1,1,1,1,1,1,0
1,1969-10-01,1,13.2,33.2,18,3,1,1,0,,0,0,0,0,0,0,0,0,0,0,0,0,0,0,0,0,0,0,13.2,11.4,0,0,0,0,0,0,0,0,0,0,8.6,0,1,1,1,1,1,1,1,1,1,1,1,1,1,1,1,1,1,1,1,1,1,1,1,1,1,1,1,1,1,1,1
1,1969-09-01,1,7.1,19.9,23,4,1,1,0,,0,0,0,0,0,0,0,0,0,0,0,0,0,2.1,0,0,0,0,0,0,0,0,0,7.1,4.2,0,6.5,0,0,0,0,,1,1,1,1,1,1,1,1,1,1,1,1,1,1,1,1,1,1,1,1,1,1,1,1,1,1,1,1,1,1,0
1,1969-06-01,1,13.4,33.7,12,4,1,1,0,,0,0,11.2,0,0,0,0,0,0,1.5,0,0,13.4,7.6,0,0,0,0,0,0,0,0,0,0,0,0,0,0,0,0,0,,1,1,1,1,1,1,1,1,1,1,1,1,1,1,1,1,1,1,1,1,1,1,1,1,1,1,1,1,1,1,0
1,1969-05-01,1,60.5,169.1,6,6,1,1,0,,0,0,53.6,0,12.4,8.2,60.5,0,0,0,0,0,0,0,17.3,0,0,0,0,0,0,0,0,0,0,17.1,0,0,0,0,0,0,1,1,1,1,1,1,1,1,1,1,1,1,1,1,1,1,1,1,1,1,1,1,1,1,1,1,1,1,1,1,1
1,1969-04-01,1,86.4,210.8,1,8,1,1,0,,0,86.4,0,17.3,13.6,0,4.5,0,21.2,10.1,0,0,8.3,0,0,0,0,49.4,0,0,0,0,0,0,0,0,0,0,0,0,0,,1,1,1,1,1,1,1,1,1,1,1,1,1,1,1,1,1,1,1,1,1,1,1,1,1,1,1,1,1,1,0
1,1969-03-01,1,74.8,336.9,26,12,1,1,0,,0,0,0,0,0,0,12.4,0,0,0,35.7,0,44.5,0,16.1,23.5,6.7,39.2,0,0,0,12.5,16.8,0,0,0,74.8,0,34.5,0,0,20.2,1,1,1,1,1,1,1,1,1,1,1,1,1,1,1,1,1,1,1,1,1,1,1,1,1,1,1,1,1,1,1
1,1969-02-01,1,51.4,87.8,23,5,1,1,0,,0,0,0,0,0,0,0,0,12.8,0,0,0,10.3,0,0,0,0,0,0,6,0,0,0,51.4,0,0,0,7.3,0,,,,1,1,1,1,1,1,1,1,1,1,1,1,1,1,1,1,1,1,1,1,1,1,1,1,1,1,1,1,0,0,0
1,1969-01-01,1,79.4,378.4,29,13,1,1,0,,0,0,8.3,12.7,0,73.1,67.3,0,6.1,0,0,0,0,0,0,0,0,0,14.1,56.2,0,22.8,0,14.1,0,0,0,0,8.7,79.4,3.2,12.4,1,1,1,1,1,1,1,1,1,1,1,1,1,1,1,1,1,1,1,1,1,1,1,1,1,1,1,1,1,1,1
1,1968-12-01,1,89.6,155.2,26,8,1,1,0,1942.9,1,0,0,0,0,0,0,0,0,0,0,0,0,3.1,0,9.4,17.8,0,0,0,7.5,0,10.7,0,0,0,89.6,0.3,0,0,0,16.8,1,1,1,1,1,1,1,1,1,1,1,1,1,1,1,1,1,1,1,1,1,1,1,1,1,1,1,1,1,1,1
1,1968-11-01,1,54.4,127.7,20,6,1,1,0,1942.9,1,0,0,0,0,1.3,0,0,0,0,31.8,0,0,0,5.5,1.2,0,0,0,0,54.4,0,0,0,0,33.5,0,0,0,0,0,,1,1,1,1,1,1,1,1,1,1,1,1,1,1,1,1,1,1,1,1,1,1,1,1,1,1,1,1,1,1,0
1,1968-10-01,1,32.5,41.7,28,4,1,1,0,1942.9,1,0,0,0,0,0,0.3,0,0,0,0,0,0,0,0,0,0,0,0,0,0,2.6,6.3,0,0,0,0,0,32.5,0,0,0,1,1,1,1,1,1,1,1,1,1,1,1,1,1,1,1,1,1,1,1,1,1,1,1,1,1,1,1,1,1,1
1,1968-09-01,1,9.7,15.3,19,2,1,1,0,1942.9,1,0,0,0,0,0,0,0,0,0,0,0,0,0,0,0,0,0,5.6,9.7,0,0,0,0,0,0,0,0,0,0,0,,1,1,1,1,1,1,1,1,1,1,1,1,1,1,1,1,1,1,1,1,1,1,1,1,1,1,1,1,1,1,0
1,1968-08-01,1,4.2,6.7,15,2,1,1,0,1942.9,1,0,0,0,0,0,0,0,0,0,0,0,0,0,0,4.2,2.5,0,0,0,0,0,0,0,0,0,0,0,0,0,0,0,1,1,1,1,1,1,1,1,1,1,1,1,1,1,1,1,1,1,1,1,1,1,1,1,1,1,1,1,1,1,1
1,1968-07-01,1,2.5,2.5,7,1,1,1,0,1942.9,1,0,0,0,0,0,0,2.5,0,0,0,0,0,0,0,0,0,0,0,0,0,0,0,0,0,0,0,0,0,0,0,0,1,1,1,1,1,1,1,1,1,1,1,1,1,1,1,1,1,1,1,1,1,1,1,1,1,1,1,1,1,1,1
1,1968-06-01,1,10.5,10.5,23,1,1,1,0,1942.9,1,0,0,0,0,0,0,0,0,0,0,0,0,0,0,0,0,0,0,0,0,0,0,10.5,0,0,0,0,0,0,0,,1,1,1,1,1,1,1,1,1,1,1,1,1,1,1,1,1,1,1,1,1,1,1,1,1,1,1,1,1,1,0
1,1968-05-01,1,75.8,192.8,9,7,1,1,0,1942.9,1,0,0,22.8,0,0,0,32.1,0,75.8,0,0,7.3,0,0,0,0,0,17.9,26.6,0,0,0,0,0,0,0,0,10.3,0,0,0,1,1,1,1,1,1,1,1,1,1,1,1,1,1,1,1,1,1,1,1,1,1,1,1,1,1,1,1,1,1,1
1,1968-04-01,1,110.2,193.7,24,8,1,1,0,1942.9,1,0,0,0,8.3,0,0.1,0,0,0,0,0,0,10.1,0,0,6.4,0,0,21.9,0,22.7,0,0,110.2,14,0,0,0,0,0,,1,1,1,1,1,1,1,1,1,1,1,1,1,1,1,1,1,1,1,1,1,1,1,1,1,1,1,1,1,1,0
1,1968-03-01,1,88.7,729.2,4,24,1,1,0,1942.9,1,33.2,12.8,28.9,88.7,12.4,50.5,38.7,7.3,19.1,58.2,61.3,18.2,38,17.3,3,0,0,23.1,15.8,19.4,6.8,50.3,0,31.1,17.7,50.9,0,0,26.5,0,0,1,1,1,1,1,1,1,1,1,1,1,1,1,1,1,1,1,1,1,1,1,1,1,1,1,1,1,1,1,1,1
1,1968-02-01,1,59.5,255,9,14,1,1,0,1942.9,1,0,0,0,29.3,12.1,3.8,0,0,59.5,6.9,0,0,0,0,0.3,0,0,0,0,0,0.5,7.2,28.1,23.8,7.5,0,23,19.1,33.9,,,1,1,1,1,1,1,1,1,1,1,1,1,1,1,1,1,1,1,1,1,1,1,1,1,1,1,1,1,1,0,0
1,1968-01-01,1,60.7,212.6,30,8,1,1,0,1942.9,1,0,0,0,0,0,0,0,0,7,41.3,10,0,0,0,0,7,0,0,0,0,0,37.5,0,39,10.1,0,0,0,0,60.7,0,1,1,1,1,1,1,1,1,1,1,1,1,1,1,1,1,1,1,1,1,1,1,1,1,1,1,1,1,1,1,1
1,1967-12-01,1,68.7,311.2,31,10,1,1,0,1984.1,1,0,0,0,0,0,0,0,0,0,0,0,8.5,28.7,14.1,0,0,0,0,0,0,0,56.7,12.3,35.7,67.5,0,8.7,0,10.3,0,68.7,1,1,1,1,1,1,1,1,1,1,1,1,1,1,1,1,1,1,1,1,1,1,1,1,1,1,1,1,1,1,1
1,1967-11-01,1,41.3,55.6,6,6,1,1,0,1984.1,1,0.3,8.3,0,0,0,41.3,0,0,0,2,0,0,0,0,0,0,0,0,0,0,1.5,0,0,0,0,0,0,2.2,0,0,,1,1,1,1,1,1,1,1,1,1,1,1,1,1,1,1,1,1,1,1,1,1,1,1,1,1,1,1,1,1,0
1,1967-10-01,1,14.7,14.7,3,1,1,1,0,1984.1,1,0,0,14.7,0,0,0,0,0,0,0,0,0,0,0,0,0,0,0,0,0,0,0,0,0,0,0,0,0,0,0,0,1,1,1,1,1,1,1,1,1,1,1,1,1,1,1,1,1,1,1,1,1,1,1,1,1,1,1,1,1,1,1
1,1967-09-01,1,10.7,15,24,2,1,1,0,1984.1,1,0,0,0,0,0,0,0,0,0,0,0,4.3,0,0,0,0,0,0,0,0,0,0,0,10.7,0,0,0,0,0,0,,1,1,1,1,1,1,1,1,1,1,1,1,1,1,1,1,1,1,1,1,1,1,1,1,1,1,1,1,1,1,0
1,1967-08-01,1,0,0,1,0,1,1,1,1984.1,1,0,0,0,0,0,0,0,0,0,0,0,0,0,0,0,0,0,0,0,0,0,0,0,0,0,0,0,0,0,0,0,1,1,1,1,1,1,1,1,1,1,1,1,1,1,1,1,1,1,1,1,1,1,1,1,1,1,1,1,1,1,1
1,1967-07-01,1,8.1,8.2,12,2,1,1,0,1984.1,1,0,0,0,0,0.1,0,0,0,0,0,0,8.1,0,0,0,0,0,0,0,0,0,0,0,0,0,0,0,0,0,0,0,1,1,1,1,1,1,1,1,1,1,1,1,1,1,1,1,1,1,1,1,1,1,1,1,1,1,1,1,1,1,1
1,1967-06-01,1,7.1,8,2,2,1,1,0,1984.1,1,0,7.1,0,0,0,0,0,0,0,0,0,0,0.9,0,0,0,0,0,0,0,0,0,0,0,0,0,0,0,0,0,,1,1,1,1,1,1,1,1,1,1,1,1,1,1,1,1,1,1,1,1,1,1,1,1,1,1,1,1,1,1,0
1,1967-05-01,1,118.2,287.9,3,8,1,1,0,1984.1,1,25.9,43,118.2,0,68.1,0,0,0,0,0,0,0,0,11.4,0,0,0,0,14,0,0,0,0,0,0,0,0.6,6.7,0,0,0,1,1,1,1,1,1,1,1,1,1,1,1,1,1,1,1,1,1,1,1,1,1,1,1,1,1,1,1,1,1,1
1,1967-04-01,1,93.2,329.4,13,14,1,1,0,1984.1,1,0,10.2,25.5,0,24.2,0,22.5,11.7,0,7.1,0,7.5,93.2,0,0,0,0,27.8,0,0,28.4,0,26.1,32.5,0,0,9.3,3.4,0,0,,1,1,1,1,1,1,1,1,1,1,1,1,1,1,1,1,1,1,1,1,1,1,1,1,1,1,1,1,1,1,0
1,1967-03-01,1,118.2,446.1,8,15,1,1,0,1984.1,1,18.9,0,0,0,0,0,30.5,118.2,0,0,0,19.4,10.7,0,10.7,0,43.2,22.1,0,8.4,16.3,0,73.7,30.1,25,5.6,0,0,0,0,13.3,1,1,1,1,1,1,1,1,1,1,1,1,1,1,1,1,1,1,1,1,1,1,1,1,1,1,1,1,1,1,1
1,1967-02-01,1,118,376,24,16,1,1,0,1984.1,1,25,0,0,12.8,11.1,0,8,0,6.3,0,0,15.4,0,0,9.9,0,0,20.6,0,11.5,14.3,16.9,83.5,118,3.3,7,0,12.4,,,,1,1,1,1,1,1,1,1,1,1,1,1,1,1,1,1,1,1,1,1,1,1,1,1,1,1,1,1,0,0,0
1,1967-01-01,1,47,132,20,9,1,1,0,1984.1,1,0,11.5,0,0,0,0,0,0,0,0,0,7.4,0,0,0,0,0,2,0,47,0,10.3,7,0,19.7,0,0,0,0,15.5,11.6,1,1,1,1,1,1,1,1,1,1,1,1,1,1,1,1,1,1,1,1,1,1,1,1,1,1,1,1,1,1,1
1,1966-12-01,1,133.2,269.4,26,11,1,1,0,,0,0,0,0,0,6.3,1.5,0,0,0,0,0,0,0,0,0,8.3,0,0,0,19.7,9.2,0,0,0,49.3,133.2,7,6.4,15.1,0,13.4,1,1,1,1,1,1,1,1,1,1,1,1,1,1,1,1,1,1,1,1,1,1,1,1,1,1,1,1,1,1,1
1,1966-11-01,1,75.7,141.5,28,7,1,1,0,,0,0,0,0,0,0,2.6,0,0,0,15.8,0,0,0,0,0,7.8,0,0,0,0,0,0,0,17.3,5.5,16.8,0,75.7,0,0,,1,1,1,1,1,1,1,1,1,1,1,1,1,1,1,1,1,1,1,1,1,1,1,1,1,1,1,1,1,1,0
1,1966-10-01,1,58.4,86.4,23,4,1,1,0,,0,0,0,0,0,0,0,0,0,0,0,0,0,0,0,0,0,3.8,0,0,0,7.4,0,58.4,0,0,16.8,0,0,0,0,0,1,1,1,1,1,1,1,1,1,1,1,1,1,1,1,1,1,1,1,1,1,1,1,1,1,1,1,1,1,1,1
1,1966-09-01,1,19.8,19.8,20,1,1,1,1,,0,0,0,0,0,0,0,0,0,0,0,0,0,0,0,0,0,0,0,0,19.8,0,0,0,0,0,0,0,0,0,0,,0,0,0,0,0,0,0,0,0,0,0,0,0,0,0,0,0,0,0,0,0,0,0,0,0,0,0,0,0,0,0
1,1966-08-01,1,2.2,2.2,13,1,1,1,0,,0,0,0,0,0,0,0,0,0,0,0,0,0,2.2,0,0,0,0,0,0,0,0,0,0,0,0,0,0,0,0,0,0,1,1,1,1,1,1,1,1,1,1,1,1,1,1,1,1,1,1,1,1,1,1,1,1,1,1,1,1,1,1,1
1,1966-07-01,1,0,0,1,0,1,1,1,,0,0,0,0,0,0,0,0,0,0,0,0,0,0,0,0,0,0,0,0,0,0,0,0,0,0,0,0,0,0,0,0,1,1,1,1,1,1,1,1,1,1,1,1,1,1,1,1,1,1,1,1,1,1,1,1,1,1,1,1,1,1,1
1,1966-06-01,1,34.6,52,6,2,1,1,0,,0,0,17.4,0,0,0,34.6,0,0,0,0,0,0,0,0,0,0,0,0,0,0,0,0,0,0,0,0,0,0,0,0,,1,1,1,1,1,1,1,1,1,1,1,1,1,1,1,1,1,1,1,1,1,1,1,1,1,1,1,1,1,1,0
1,1966-05-01,1,32.2,64.7,10,3,1,1,0,,0,0,0,0,0,0,0,0,0,0,32.2,0,0,0,0,0,0,0,0,0,0,0,18.5,0,0,0,14,0,0,0,0,0,1,1,1,1,1,1,1,1,1,1,1,1,1,1,1,1,1,1,1,1,1,1,1,1,1,1,1,1,1,1,1
1,1966-04-01,1,27.8,65.7,11,3,1,1,0,,0,0,0,0,0,27.7,0,0,0,0,0,27.8,0,10.2,0,0,0,0,0,0,0,0,0,0,0,0,0,0,0,0,0,,1,1,1,1,1,1,1,1,1,1,1,1,1,1,1,1,1,1,1,1,1,1,1,1,1,1,1,1,1,1,0
1,1966-03-01,1,39.6,115.5,9,7,1,1,0,,0,12.5,14.8,0,0,0,0,0,0,39.6,0,11,6.5,0,0,0,0,18.4,0,0,0,0,0,0,0,0,0,12.7,0,0,0,0,1,1,1,1,1,1,1,1,1,1,1,1,1,1,1,1,1,1,1,1,1,1,1,1,1,1,1,1,1,1,1
1,1966-02-01,1,60,285.8,6,13,1,1,0,,0,11,0,36.4,12,0,60,0,32.8,0,55.5,11.2,25,12.4,0,12,3.3,0,4,0,10.2,0,0,0,0,0,0,0,0,,,,1,1,1,1,1,1,1,1,1,1,1,1,1,1,1,1,1,1,1,1,1,1,1,1,1,1,1,1,0,0,0
1,1966-01-01,1,65,148.2,30,6,1,1,0,,0,0,0,0,0,0,0,0,0,36.2,0,0,0,0,0,10.2,0,0,0,0,0,0,0,7.4,0,0,3,0,0,0,65,26.4,1,1,1,1,1,1,1,1,1,1,1,1,1,1,1,1,1,1,1,1,1,1,1,1,1,1,1,1,1,1,1
1,1965-10-01,1,30.4,42.4,5,2,1,1,0,,0,0,0,0,12,30.4,0,0,0,0,0,0,0,0,0,0,0,0,0,0,0,0,0,0,0,0,0,0,0,0,0,0,1,1,1,1,1,1,1,1,1,1,1,1,1,1,1,1,1,1,1,1,1,1,1,1,1,1,1,1,1,1,1
1,1965-09-01,1,6.6,12,23,2,1,1,0,,0,0,0,0,0,0,0,0,0,0,0,0,0,0,0,0,0,0,0,0,0,0,0,6.6,0,0,0,0,0,0,5.4,,1,1,1,1,1,1,1,1,1,1,1,1,1,1,1,1,1,1,1,1,1,1,1,1,1,1,1,1,1,1,0
1,1965-07-01,1,21.8,21.8,7,1,1,1,0,,0,0,0,0,0,0,0,21.8,0,0,0,0,0,0,0,0,0,0,0,0,0,0,0,0,0,0,0,0,0,0,0,0,1,1,1,1,1,1,1,1,1,1,1,1,1,1,1,1,1,1,1,1,1,1,1,1,1,1,1,1,1,1,1
1,1965-06-01,1,8.4,19.8,8,3,1,1,0,,0,0,0,0,0,0,0,0,8.4,0,0,0,6.6,0,0,0,0,0,4.8,0,0,0,0,0,0,0,0,0,0,0,0,,1,1,1,1,1,1,1,1,1,1,1,1,1,1,1,1,1,1,1,1,1,1,1,1,1,1,1,1,1,1,0
1,1965-05-01,1,24.8,25.1,14,2,1,1,0,,0,0,0,0,0,0,0,0,0,0,0,0,0,0,24.8,0.3,0,0,0,0,0,0,0,0,0,0,0,0,0,0,0,0,1,1,1,1,1,1,1,1,1,1,1,1,1,1,1,1,1,1,1,1,1,1,1,1,1,1,1,1,1,1,1
1,1965-04-01,1,88.4,530.1,14,20,1,1,0,,0,7.8,0,0,31.2,48.4,13.6,7.4,20.4,13.8,10.4,0,0,0,88.4,16.7,22.8,48.2,31.4,66.6,0,0,20,19,0,0.4,0,19.6,17.8,0,26.2,,1,1,1,1,1,1,1,1,1,1,1,1,1,1,1,1,1,1,1,1,1,1,1,1,1,1,1,1,1,1,0
1,1965-03-01,1,78.4,284.3,27,12,1,1,0,,0,0,6.2,0,0,22.4,0,0,0,0,10.6,0,0,0,0,0,14.6,5.4,0,0,0,8.2,0,4.4,12.7,0,0,78.4,0,43.4,40.6,37.4,1,1,1,1,1,1,1,1,1,1,1,1,1,1,1,1,1,1,1,1,1,1,1,1,1,1,1,1,1,1,1
1,1965-02-01,1,87.2,222.6,17,8,1,1,0,,0,0,0,0,0,44.4,3.3,0,14.2,0,32.4,0,0,0,0,0,1.5,87.2,0,5.4,0,0,0,34.2,0,0,0,0,0,,,,1,1,1,1,1,1,1,1,1,1,1,1,1,1,1,1,1,1,1,1,1,1,1,1,1,1,1,1,0,0,0
1,1965-01-01,1,88.2,219.4,22,10,1,1,0,,0,0,0,0,0,2.2,0,4.3,0,0,0,48.6,0,13,0,0,3.4,0,0,0,0,0,88.2,0,18.6,7.3,0,30.2,0,0,0,3.6,1,1,1,1,1,1,1,1,1,1,1,1,1,1,1,1,1,1,1,1,1,1,1,1,1,1,1,1,1,1,1
1,1964-12-01,1,27.3,76.1,5,4,1,1,0,,0,0,0,0,0,27.3,0,0,0,0,0,0,0,0,0,0,0,19.6,0,0,0,0,0,22,0,0,7.2,0,0,0,0,0,1,1,1,1,1,1,1,1,1,1,1,1,1,1,1,1,1,1,1,1,1,1,1,1,1,1,1,1,1,1,1
1,1964-11-01,1,21,26.6,13,2,1,1,0,,0,0,0,0,0,0,0,0,0,0,0,0,0,21,0,0,0,0,0,0,5.6,0,0,0,0,0,0,0,0,0,0,,1,1,1,1,1,1,1,1,1,1,1,1,1,1,1,1,1,1,1,1,1,1,1,1,1,1,1,1,1,1,0
1,1964-10-01,1,21,37.2,14,2,1,1,0,,0,0,0,0,0,0,0,0,0,0,0,0,0,0,21,0,0,0,0,0,0,0,0,0,0,0,0,0,16.2,0,0,0,1,1,1,1,1,1,1,1,1,1,1,1,1,1,1,1,1,1,1,1,1,1,1,1,1,1,1,1,1,1,1
1,1964-09-01,1,6.2,6.5,14,2,1,1,0,,0,0,0,0,0,0,0,0,0,0,0,0,0,0,6.2,0,0,0,0,0,0,0,0,0,0,0,0,0,0,0,0.3,,1,1,1,1,1,1,1,1,1,1,1,1,1,1,1,1,1,1,1,1,1,1,1,1,1,1,1,1,1,1,0
1,1964-08-01,1,0.3,0.3,9,1,1,1,0,,0,0,0,0,0,0,0,0,0,0.3,0,0,0,0,0,0,0,0,0,0,0,0,0,0,0,0,0,0,0,0,0,0,1,1,1,1,1,1,1,1,1,1,1,1,1,1,1,1,1,1,1,1,1,1,1,1,1,1,1,1,1,1,1
1,1964-07-01,1,6.4,6.7,27,2,1,1,0,,0,0,0,0,0,0,0,0.3,0,0,0,0,0,0,0,0,0,0,0,0,0,0,0,0,0,0,0,6.4,0,0,0,0,1,1,1,1,1,1,1,1,1,1,1,1,1,1,1,1,1,1,1,1,1,1,1,1,1,1,1,1,1,1,1
1,1964-06-01,1,14,34.1,2,6,1,1,0,,0,0,14,0,10,0,0,0.3,0,0,0,0,0,0,6.6,0,0,0,0,0,0,0,0,0,3,0,0,0.2,0,0,0,,1,1,1,1,1,1,1,1,1,1,1,1,1,1,1,1,1,1,1,1,1,1,1,1,1,1,1,1,1,1,0
1,1964-05-01,1,30.3,132.4,13,9,1,1,0,,0,0,18.6,0,0,14.2,0,0,23.4,6,0,0,0,30.3,0,0,0,0,11.5,0,0,0,0,7.2,8,0,0,0,0,0,13.2,0,1,1,1,1,1,1,1,1,1,1,1,1,1,1,1,1,1,1,1,1,1,1,1,1,1,1,1,1,1,1,1
1,1964-04-01,1,64.6,350.5,26,17,1,1,0,,0,0,15,0,0,30.8,0,13.6,0,10.2,2.4,44.7,14,39.2,7,0,21.8,7,0,0,0,24,0,1.5,30.2,0,64.6,0,17.5,7,0,,1,1,1,1,1,1,1,1,1,1,1,1,1,1,1,1,1,1,1,1,1,1,1,1,1,1,1,1,1,1,0
1,1964-02-01,1,52.2,209.4,19,12,1,1,0,,0,0,9.6,6.4,38,9.8,0,0,0,21,0,0,3.2,0,0,0,0,4.4,36.8,52.2,0,0,6.6,0,0,13,0,0,0,8.4,,,1,1,1,1,1,1,1,1,1,1,1,1,1,1,1,1,1,1,1,1,1,1,1,1,1,1,1,1,1,0,0
1,1963-12-01,1,75,189.2,23,8,1,1,0,1217.4,1,6.3,0,0,21,0,0,0,0,0,0,0,5.2,0,0,0,0,0,14,0,0,0,0,75,2.5,0,0,45.2,0,0,20,0,1,1,1,1,1,1,1,1,1,1,1,1,1,1,1,1,1,1,1,1,1,1,1,1,1,1,1,1,1,1,1
1,1963-11-01,1,44.6,105.4,17,7,1,1,0,1217.4,1,0,0,0,0,10.3,0,0,0,0,0,0,0,9,0,0,0,44.6,18,6.3,0,0,0,0,0,0,12.6,0,0,0,4.6,,1,1,1,1,1,1,1,1,1,1,1,1,1,1,1,1,1,1,1,1,1,1,1,1,1,1,1,1,1,1,0
1,1963-10-01,1,0,0,1,0,1,1,1,1217.4,1,0,0,0,0,0,0,0,0,0,0,0,0,0,0,0,0,0,0,0,0,0,0,0,0,0,0,0,0,0,0,0,1,1,1,1,1,1,1,1,1,1,1,1,1,1,1,1,1,1,1,1,1,1,1,1,1,1,1,1,1,1,1
1,1963-09-01,1,2.6,3.6,14,2,1,1,0,1217.4,1,0,0,0,0,0,0,0,0,0,0,0,0,1,2.6,0,0,0,0,0,0,0,0,0,0,0,0,0,0,0,0,,1,1,1,1,1,1,1,1,1,1,1,1,1,1,1,1,1,1,1,1,1,1,1,1,1,1,1,1,1,1,0
1,1963-08-01,1,0.6,0.9,26,2,1,1,0,1217.4,1,0,0,0,0,0,0,0,0,0,0,0,0,0,0,0,0,0,0,0,0,0.3,0,0,0,0,0.6,0,0,0,0,0,1,1,1,1,1,1,1,1,1,1,1,1,1,1,1,1,1,1,1,1,1,1,1,1,1,1,1,1,1,1,1
1,1963-07-01,1,5.2,8.7,4,3,1,1,0,1217.4,1,0,0.3,0,5.2,0,0,0,0,0,0,0,0,0,0,0,0,0,0,0,0,0,0,0,0,0,3.2,0,0,0,0,0,1,1,1,1,1,1,1,1,1,1,1,1,1,1,1,1,1,1,1,1,1,1,1,1,1,1,1,1,1,1,1
1,1963-06-01,1,3.4,5.2,5,4,1,1,0,1217.4,1,0,0,0,0,3.4,0,0,0,0,0,0,0,0,0,0.6,0,0,0.3,0,0,0,0,0,0,0,0,0.9,0,0,0,,1,1,1,1,1,1,1,1,1,1,1,1,1,1,1,1,1,1,1,1,1,1,1,1,1,1,1,1,1,1,0
1,1963-05-01,1,76.2,150.3,3,10,1,1,0,1217.4,1,0,12.8,76.2,25,15,12.8,0,0,0,0.7,0,2.6,3.8,0,0,0,0,0,0.8,0,0,0,0,0,0,0,0.6,0,0,0,0,1,1,1,1,1,1,1,1,1,1,1,1,1,1,1,1,1,1,1,1,1,1,1,1,1,1,1,1,1,1,1
1,1963-04-01,1,45.2,167.6,27,11,1,1,0,1217.4,1,14.2,0,10,0,0,0,0,11.8,24.6,5.6,2.4,0,22.6,0,0,0,0,3.8,0,0,0,0,0,0,0,0,45.2,20.2,0,7.2,,1,1,1,1,1,1,1,1,1,1,1,1,1,1,1,1,1,1,1,1,1,1,1,1,1,1,1,1,1,1,0
1,1963-03-01,1,49.8,297.2,22,18,1,1,0,1217.4,1,32,7,0,0,0,0,0,9.8,7.3,18.2,11.3,0,20,7.2,0,17,0,21.6,0,8.6,0,49.8,0,14.2,9.8,10,0,0.6,14.8,38,0,1,1,1,1,1,1,1,1,1,1,1,1,1,1,1,1,1,1,1,1,1,1,1,1,1,1,1,1,1,1,1
1,1963-02-01,1,50.8,211.3,9,13,1,1,0,1217.4,1,3.8,11.4,10.2,12.8,0,0,9.8,0,50.8,3.2,0,0,0,0,0,0,0,0,13.2,0,23.8,22.3,9.6,7.8,0,32.6,0,0,,,,1,1,1,1,1,1,1,1,1,1,1,1,1,1,1,1,1,1,1,1,1,1,1,1,1,1,1,1,0,0,0
1,1963-01-01,1,17.4,78,16,9,1,1,0,1217.4,1,0,0,0,0,3.6,0,0,1.3,0,0,0,13.8,0,0,0,17.4,0,0,0,9.2,10.4,0,0,12.8,7.3,0,0,0,2.2,0,0,1,1,1,1,1,1,1,1,1,1,1,1,1,1,1,1,1,1,1,1,1,1,1,1,1,1,1,1,1,1,1
1,1962-12-01,1,36.2,172,16,9,1,1,0,,0,0,0,0,0,0,0,0,0,0,0,33.2,0,0,9.3,0,36.2,0,17.4,8.3,0,0,17.2,0,19.2,0,27.8,0,3.4,0,0,0,1,1,1,1,1,1,1,1,1,1,1,1,1,1,1,1,1,1,1,1,1,1,1,1,1,1,1,1,1,1,1
1,1962-11-01,1,138.2,186,26,6,1,1,0,,0,0,0,0,1.2,0,1.3,0,0,0,0,6.8,0,11.2,0,0,0,0,0,0,27.3,0,0,0,0,0,138.2,0,0,0,0,,1,1,1,1,1,1,1,1,1,1,1,1,1,1,1,1,1,1,1,1,1,1,1,1,1,1,1,1,1,1,0
1,1962-10-01,1,8.2,18.2,6,4,1,1,0,,0,4.2,0,0,0,0,8.2,3.3,2.5,0,0,0,0,0,0,0,0,0,0,0,0,0,0,0,0,0,0,0,0,0,0,0,1,1,1,1,1,1,1,1,1,1,1,1,1,1,1,1,1,1,1,1,1,1,1,1,1,1,1,1,1,1,1
